CENSUSTRACT_FIPS,EMS_RESPONSE_CT,POPULATION_ESTIMATE,PCT_BELOW_POVERTY,PCT_UNEMPLOYED,PCT_SINGLE_PARENT,PCT_MINORITY,PCT_POOR_ENGLISH,PCT_OCCUPIED_HOUSING,PCT_MOBILE_HOMES,PCT_NO_VEHICLE,PCT_HOUSING_10_MORE,PER_CAPITA_INCOME_ESTIMATE,PCT_NO_HIGH_SCHOOL,PCT_NONINSTIT_DIASBILITY,PCT_UNINSURED_NONINSTITUT,PCT_INSTITUIONALIZED,FLAGCT_SES_THEME,FLAGCT_SES_HOUSE_COMP_THEME,FLAGCT_MINORITY_STATUS_LANGUAGE,FLAGCT_HOUSING_TRANS_THEME,FLAGCT_ALL_THEME,FLAGCT_GROUP_QUARTERS,LOW_RATE_VEHICLE_ACCESS,LOW_ACCESS_1_URBAN_10_RURAL,LOW_ACCESS_1_URBAN_20_RURAL,LOW_ACCESS_HALF_URBAN_10_RURAL,VEHICLE_LOW_ACCESS_1,VEHICLE_LOW_ACCESS_10,PCT_HOUSE_VEH_LOW_ACCESS_10,VEHICLE_LOW_ACCESS_1_MILE_S,VEHICLE_LOW_ACCESS_20_MILES_N,VEHICLE_LOW_ACCESS_20_MILES_S,VEHICLE_LOW_ACCESS_HALF_MILE_N,VEHICLE_LOW_ACCESS_HALF_MILE_S,MEDIAN_INCOME,BELOW_POVERTY,URBAN_HOUSING_CT,npi.PUFNPIMean,total_claim_count.PUFNPIMean,total_30_day_fill_count.PUFNPIMean,total_drug_cost.PUFNPIMean,total_day_supply.PUFNPIMean,bene_count.PUFNPIMean,total_claim_count_ge65.PUFNPIMean,total_30_day_fill_count_ge65.PUFNPIMean,total_drug_cost_ge65.PUFNPIMean,total_day_supply_ge65.PUFNPIMean,bene_count_ge65.PUFNPIMean,brand_claim_count.PUFNPIMean,brand_drug_cost.PUFNPIMean,generic_claim_count.PUFNPIMean,generic_drug_cost.PUFNPIMean,other_claim_count.PUFNPIMean,other_drug_cost.PUFNPIMean,opioid_claim_count.PUFNPIMean,opioid_drug_cost.PUFNPIMean,opioid_day_supply.PUFNPIMean,opioid_bene_count.PUFNPIMean,opioid_prescriber_rate.PUFNPIMean,antipsych_claim_count_ge65.PUFNPIMean,antipsych_drug_cost_ge65.PUFNPIMean,antipsych_bene_count_ge65.PUFNPIMean,average_age_of_beneficiaries.PUFNPIMean,beneficiary_age_less_65_count.PUFNPIMean,beneficiary_age_65_74_count.PUFNPIMean,beneficiary_age_75_84_count.PUFNPIMean,beneficiary_age_greater_84_count.PUFNPIMean,beneficiary_female_count.PUFNPIMean,beneficiary_male_count.PUFNPIMean,beneficiary_race_white_count.PUFNPIMean,beneficiary_race_black_count.PUFNPIMean,beneficiary_race_asian_pi_count.PUFNPIMean,beneficiary_race_hispanic_count.PUFNPIMean,beneficiary_race_nat_ind_count.PUFNPIMean,beneficiary_race_other_count.PUFNPIMean,beneficiary_nondual_count.PUFNPIMean,beneficiary_dual_count.PUFNPIMean,beneficiary_average_risk_score.PUFNPIMean,zip.PUFNPIMean,CensusBlock.PUFNPIMean,npi.PUFNPISum,total_claim_count.PUFNPISum,total_30_day_fill_count.PUFNPISum,total_drug_cost.PUFNPISum,total_day_supply.PUFNPISum,bene_count.PUFNPISum,total_claim_count_ge65.PUFNPISum,total_30_day_fill_count_ge65.PUFNPISum,total_drug_cost_ge65.PUFNPISum,total_day_supply_ge65.PUFNPISum,bene_count_ge65.PUFNPISum,brand_claim_count.PUFNPISum,brand_drug_cost.PUFNPISum,generic_claim_count.PUFNPISum,generic_drug_cost.PUFNPISum,other_claim_count.PUFNPISum,other_drug_cost.PUFNPISum,opioid_claim_count.PUFNPISum,opioid_drug_cost.PUFNPISum,opioid_day_supply.PUFNPISum,opioid_bene_count.PUFNPISum,opioid_prescriber_rate.PUFNPISum,antipsych_claim_count_ge65.PUFNPISum,antipsych_drug_cost_ge65.PUFNPISum,antipsych_bene_count_ge65.PUFNPISum,average_age_of_beneficiaries.PUFNPISum,beneficiary_age_less_65_count.PUFNPISum,beneficiary_age_65_74_count.PUFNPISum,beneficiary_age_75_84_count.PUFNPISum,beneficiary_age_greater_84_count.PUFNPISum,beneficiary_female_count.PUFNPISum,beneficiary_male_count.PUFNPISum,beneficiary_race_white_count.PUFNPISum,beneficiary_race_black_count.PUFNPISum,beneficiary_race_asian_pi_count.PUFNPISum,beneficiary_race_hispanic_count.PUFNPISum,beneficiary_race_nat_ind_count.PUFNPISum,beneficiary_race_other_count.PUFNPISum,beneficiary_nondual_count.PUFNPISum,beneficiary_dual_count.PUFNPISum,beneficiary_average_risk_score.PUFNPISum,zip.PUFNPISum,CensusBlock.PUFNPISum,npi.PUFNPICount,specialty_description.PUFNPICount,total_claim_count.PUFNPICount,total_30_day_fill_count.PUFNPICount,total_drug_cost.PUFNPICount,total_day_supply.PUFNPICount,bene_count.PUFNPICount,ge65_suppress_flag.PUFNPICount,total_claim_count_ge65.PUFNPICount,total_30_day_fill_count_ge65.PUFNPICount,total_drug_cost_ge65.PUFNPICount,total_day_supply_ge65.PUFNPICount,bene_count_ge65_suppress_flag.PUFNPICount,bene_count_ge65.PUFNPICount,brand_suppress_flag.PUFNPICount,brand_claim_count.PUFNPICount,brand_drug_cost.PUFNPICount,generic_suppress_flag.PUFNPICount,generic_claim_count.PUFNPICount,generic_drug_cost.PUFNPICount,other_suppress_flag.PUFNPICount,other_claim_count.PUFNPICount,other_drug_cost.PUFNPICount,opioid_claim_count.PUFNPICount,opioid_drug_cost.PUFNPICount,opioid_day_supply.PUFNPICount,opioid_bene_count.PUFNPICount,opioid_prescriber_rate.PUFNPICount,antipsych_ge65_suppress_flag.PUFNPICount,antipsych_claim_count_ge65.PUFNPICount,antipsych_drug_cost_ge65.PUFNPICount,antipsych_bene_ge65_suppress_flg.PUFNPICount,antipsych_bene_count_ge65.PUFNPICount,average_age_of_beneficiaries.PUFNPICount,beneficiary_age_less_65_count.PUFNPICount,beneficiary_age_65_74_count.PUFNPICount,beneficiary_age_75_84_count.PUFNPICount,beneficiary_age_greater_84_count.PUFNPICount,beneficiary_female_count.PUFNPICount,beneficiary_male_count.PUFNPICount,beneficiary_race_white_count.PUFNPICount,beneficiary_race_black_count.PUFNPICount,beneficiary_race_asian_pi_count.PUFNPICount,beneficiary_race_hispanic_count.PUFNPICount,beneficiary_race_nat_ind_count.PUFNPICount,beneficiary_race_other_count.PUFNPICount,beneficiary_nondual_count.PUFNPICount,beneficiary_dual_count.PUFNPICount,beneficiary_average_risk_score.PUFNPICount,Address.PUFNPICount,zip.PUFNPICount,Longitude.PUFNPICount,Latitude.PUFNPICount,CensusBlock.PUFNPICount,First.BuprPhys,Last.BuprPhys,Deg..BuprPhys,FullAddress.BuprPhys,zip.BuprPhys,Longitude.BuprPhys,Latitude.BuprPhys,CensusBlock.BuprPhys,Address.BupFac,Longitude.BupFac,Latitude.BupFac,CensusBlock.BupFac,PsychPhysGRP.Count,ERGRP.Count
21015070100,1,6646,15.3,8.2,9.2,16,2.7,5,0,15.8,39.1,19690,21.6,16.9,15.3,2.1,0,0,0,1,1,0,1,0,0,1,0.036,0,0,0,0,0,129.166,0.047,40427,16.5,NA,NA,NA,NA,NA,NA,NA,NA,NA,NA,NA,NA,NA,NA,NA,NA,NA,NA,NA,NA,NA,NA,NA,NA,NA,NA,NA,NA,NA,NA,NA,NA,NA,NA,NA,NA,NA,NA,NA,NA,NA,NA,NA,NA,NA,NA,NA,NA,NA,NA,NA,NA,NA,NA,NA,NA,NA,NA,NA,NA,NA,NA,NA,NA,NA,NA,NA,NA,NA,NA,NA,NA,NA,NA,NA,NA,NA,NA,NA,NA,NA,NA,NA,NA,NA,NA,NA,NA,NA,NA,NA,NA,NA,NA,NA,NA,NA,NA,NA,NA,NA,NA,NA,NA,NA,NA,NA,NA,NA,NA,NA,NA,NA,NA,NA,NA,NA,NA,NA,NA,NA,NA,NA,NA,NA,NA,NA,NA,NA,NA,NA,NA,NA,NA,NA,NA,NA,NA,NA,NA,NA,NA,NA,NA,NA,NA,NA,NA,NA,NA,NA,NA,NA,NA,NA
39061000200,15,927,46.3,32.4,18.3,91.6,1.6,1.7,0,65.7,47.4,11626,30.2,13.8,26.5,2.6,4,0,1,2,7,0,1,0,0,1,0,0,0,0,0,0,303.559,0.588,19000,43,4,1781100336,507,567.2,22317.905,14191.5,82.5,223,259.7,10506.225,6499,44.5,83,15541.15,417.5,6691.62,6.5,85.135,29,240.39,214,15,10.06,0,0,0,64,38,28.5,NA,NA,53,29.5,49,50,0,0,0,0,37,45.5,1.2726,45214,3.91E+11,3562200672,1014,1134.4,44635.81,28383,165,446,519.4,21012.45,12998,89,166,31082.3,835,13383.24,13,170.27,58,480.78,428,30,20.12,0,0,0,128,76,57,NA,NA,106,59,49,50,0,0,0,0,74,91,2.5452,90428,7.82E+11,2,2,2,2,2,2,2,0,2,2,2,2,0,2,0,2,2,0,2,2,0,2,2,2,2,2,2,2,1,1,1,1,1,2,2,2,0,0,2,2,1,1,2,2,2,1,2,2,2,2,2,2,2,2,3,3,3,3,3,3,3,3,1,1,1,1,NA,8
39061000700,198,2038,11.5,5,1.2,40.1,1.8,1.8,0,29.7,77.4,43470,9.1,12.7,20.5,25.6,0,0,0,3,3,0,1,0,0,1,0,0,0,0,0,0,583.55,0.369,57171,15.3,NA,1454444732,141.3333333,182.3222222,15255.11444,4931.666667,27.33333333,92.2,161.84,6757.298,4424,19,31.375,12255.72875,121.375,4797.43,1.875,62.15875,15.8,789.242,227,0,3.518,0,0,0,69.5,0,13,NA,0,32,22,27,NA,0,0,0,0,NA,NA,0.9423,45202,3.91E+11,13090002589,1272,1640.9,137296.03,44385,164,461,809.2,33786.49,22120,38,251,98045.83,971,38379.44,15,497.27,79,3946.21,1135,0,17.59,0,0,0,417,0,13,NA,0,32,22,27,NA,0,0,0,0,NA,NA,5.6538,406818,3.52E+12,9,9,9,9,9,9,6,4,5,5,5,5,7,2,1,8,8,1,8,8,1,8,8,5,5,5,4,5,2,7,7,2,7,6,2,1,0,1,1,1,1,0,6,5,6,4,0,0,6,9,9,9,9,9,1,1,1,1,1,1,1,1,1,1,1,1,6,6
39061000900,100,1238,55.9,18.2,16.4,48.2,0,1,0,36.9,37.3,21012,15.4,23.4,24.5,35.7,2,1,0,3,6,0,0,0,0,0,0,0,0,0,0,0,0,0,16307,62.7,1,1471171325,3429.666667,4057.6,116495.96,115954,173.6666667,2014.666667,2380.9,55915.65333,68262.66667,128.5,768,86884.05333,2595,28343.25333,66.66666667,1268.653333,63.5,439.235,1389.5,22,1.19,0,0,0,67.33333333,121,77,52,27,158,91.5,53,207.5,0,0,0,0,69.5,180,1.5972,45202,3.91E+11,4413513976,10289,12172.8,349487.88,347862,521,6044,7142.7,167746.96,204788,257,2304,260652.16,7785,85029.76,200,3805.96,127,878.47,2779,22,2.38,0,0,0,202,242,154,52,27,316,183,53,415,0,0,0,0,139,360,4.7916,135606,1.17E+12,3,3,3,3,3,3,3,0,3,3,3,3,1,2,0,3,3,0,3,3,0,3,3,2,2,2,1,2,2,1,1,2,1,3,2,2,1,1,2,2,1,2,2,2,3,1,2,2,3,3,3,3,3,3,NA,NA,NA,NA,NA,NA,NA,NA,1,1,1,1,NA,3
39061001000,30,1452,34.1,18.2,20.7,50.1,0.3,0.7,0,34.8,42,30262,12.8,22,20.2,6,1,2,0,3,6,0,0,0,0,0,0,0,0,0,0,0,0.003,0,40690,29.9,NA,1607093466,1437.833333,1743.25,91020.40833,47570.33333,98.33333333,571.8333333,686.35,34539.01833,19527.5,34.33333333,451,106498.04,1087.666667,16237.7,43.75,992.855,79.66666667,1295.9,1308.166667,24,10.81666667,4,1373.7,0,57.16666667,64,32,NA,0,68.33333333,30,28,72.4,0,0,0,0,20.6,79.4,1.351133333,45202,3.91E+11,9642560797,8627,10459.5,546122.45,285422,590,3431,4118.1,207234.11,117165,206,1804,425992.16,6526,97426.2,175,3971.42,478,7775.4,7849,144,64.9,16,5494.8,0,343,384,96,NA,0,410,180,28,362,0,0,0,0,103,397,8.1068,271212,2.35E+12,6,6,6,6,6,6,6,0,6,6,6,6,0,6,2,4,4,0,6,6,2,4,4,6,6,6,6,6,2,4,4,3,3,6,6,3,0,1,6,6,1,5,3,1,6,5,5,5,6,6,6,6,6,6,1,1,0,1,1,1,1,1,NA,NA,NA,NA,5,2
39061001100,43,1042,51.4,33.4,36.9,78.4,0,0,0,37.4,10.1,18763,15.5,11.2,14.9,0.2,2,2,0,1,5,0,1,0,0,1,0,0,0,0,0,0,227.613,0.543,22292,46.1,NA,1331308259,662,749.6,33623.57,20696.5,57.5,268,325.85,14668.01,9136,29,106,24725.985,548.5,8664.5,7.5,233.085,11.5,204.185,205,0,0.89,0,0,0,61,65,NA,NA,NA,50,44,NA,78,0,0,0,0,22,72,1.04775,45202,3.91E+11,2662616517,1324,1499.2,67247.14,41393,115,536,651.7,29336.02,18272,29,212,49451.97,1097,17329,15,466.17,23,408.37,410,0,1.78,0,0,0,122,65,NA,NA,NA,50,44,NA,78,0,0,0,0,22,72,2.0955,90404,7.82E+11,2,2,2,2,2,2,2,0,2,2,2,2,1,1,0,2,2,0,2,2,0,2,2,2,2,2,1,2,0,2,2,0,2,2,1,0,0,0,1,1,0,1,1,1,2,1,1,1,2,2,2,2,2,2,NA,NA,NA,NA,NA,NA,NA,NA,NA,NA,NA,NA,NA,3
39061001600,139,965,64.8,40.3,16.7,81.8,0,3.7,0.4,65.8,32.7,13440,24.1,19.2,31.9,3.8,3,0,0,1,4,0,0,0,0,0,0,0,0,0,0,0,0,0,8516,61.9,4,NA,NA,NA,NA,NA,NA,NA,NA,NA,NA,NA,NA,NA,NA,NA,NA,NA,NA,NA,NA,NA,NA,NA,NA,NA,NA,NA,NA,NA,NA,NA,NA,NA,NA,NA,NA,NA,NA,NA,NA,NA,NA,NA,NA,NA,NA,NA,NA,NA,NA,NA,NA,NA,NA,NA,NA,NA,NA,NA,NA,NA,NA,NA,NA,NA,NA,NA,NA,NA,NA,NA,NA,NA,NA,NA,NA,NA,NA,NA,NA,NA,NA,NA,NA,NA,NA,NA,NA,NA,NA,NA,NA,NA,NA,NA,NA,NA,NA,NA,NA,NA,NA,NA,NA,NA,NA,NA,NA,NA,NA,NA,NA,NA,NA,NA,NA,NA,NA,NA,NA,NA,NA,NA,NA,NA,NA,NA,NA,NA,NA,NA,NA,NA,NA,NA,NA,NA,NA,NA,NA,NA,NA,NA,NA,NA,NA,NA,NA,NA,NA,NA,NA,NA,1
39061001700,52,913,66.9,23.8,32.4,80.1,0,2.3,0,57,17.7,12460,17.2,20.6,18.6,0,3,3,0,1,7,0,0,0,0,0,0,0,0,0,0,0,1.666,0.003,11644,79.2,2,1154180575,528.3333333,588.7333333,32640.75667,17049.66667,38.33333333,77.33333333,106.6666667,2369.11,3132.333333,NA,95.5,25638.015,428.3333333,9280.49,7.5,138.735,3.666666667,79.26,110,0,0.79,0,0,0,54.66666667,NA,NA,NA,NA,18,32,20,25,0,0,0,0,13.5,30.5,1.228533333,45202,3.91E+11,3462541725,1585,1766.2,97922.27,51149,115,232,320,7107.33,9397,NA,191,51276.03,1285,27841.47,15,277.47,11,237.78,330,0,2.37,0,0,0,164,NA,NA,NA,NA,18,32,20,50,0,0,0,0,27,61,3.6856,135606,1.17E+12,3,3,3,3,3,3,3,0,3,3,3,3,3,0,1,2,2,0,3,3,1,2,2,3,3,3,2,3,1,2,2,1,2,3,0,0,0,0,1,1,1,2,3,1,3,1,2,2,3,3,3,3,3,3,2,2,1,2,2,2,2,2,NA,NA,NA,NA,NA,1
39061001800,17,1632,28.5,8.3,5.1,49.4,0.4,0.7,0,9,6.1,29814,11.7,11.2,13.1,14.9,0,0,0,1,1,0,0,0,0,1,0,0,0,0,0,0,65.866,0.087,44028,20.9,NA,NA,NA,NA,NA,NA,NA,NA,NA,NA,NA,NA,NA,NA,NA,NA,NA,NA,NA,NA,NA,NA,NA,NA,NA,NA,NA,NA,NA,NA,NA,NA,NA,NA,NA,NA,NA,NA,NA,NA,NA,NA,NA,NA,NA,NA,NA,NA,NA,NA,NA,NA,NA,NA,NA,NA,NA,NA,NA,NA,NA,NA,NA,NA,NA,NA,NA,NA,NA,NA,NA,NA,NA,NA,NA,NA,NA,NA,NA,NA,NA,NA,NA,NA,NA,NA,NA,NA,NA,NA,NA,NA,NA,NA,NA,NA,NA,NA,NA,NA,NA,NA,NA,NA,NA,NA,NA,NA,NA,NA,NA,NA,NA,NA,NA,NA,NA,NA,NA,NA,NA,NA,NA,NA,NA,NA,NA,NA,NA,NA,NA,NA,NA,NA,NA,NA,NA,NA,NA,NA,NA,NA,NA,NA,NA,NA,NA,NA,NA,NA,NA,NA,NA,1,NA
39061001900,27,1609,16.7,14,5,47.5,0,1.8,0,20,22.4,46231,11.3,8.3,15.4,3.5,0,0,0,0,0,0,1,0,0,1,0,0,0,0,0,0,110.769,0.132,58977,15.4,3,1554544377,426.6,493.44,14263.516,11952.8,148.6666667,184.8,225.72,5440.214,5403,66.66666667,180,22806.435,804,9821.545,7.4,300.626,53.5,589.7525,515.25,42.25,21.74,0,0,0,62.33333333,82,36.66666667,53,13,86.66666667,62,132,95,0,NA,0,0,61,87.66666667,1.279166667,45202.8,3.91E+11,7772721887,2133,2467.2,71317.58,59764,446,924,1128.6,27201.07,27015,200,360,45612.87,1608,19643.09,37,1503.13,214,2359.01,2061,169,86.96,0,0,0,187,246,110,53,13,260,186,264,95,0,NA,0,0,183,263,3.8375,226014,1.96E+12,5,5,5,5,5,5,3,0,5,5,5,5,2,3,3,2,2,3,2,2,0,5,5,4,4,4,4,4,0,5,5,0,5,3,3,3,1,1,3,3,2,1,2,0,2,2,3,3,3,5,5,5,5,5,NA,NA,NA,NA,NA,NA,NA,NA,1,1,1,1,NA,2
39061002000,6,1602,12.9,6.7,4.3,41.1,0.5,2.6,0,11.4,52.5,44103,5.6,9.2,12.2,4.9,0,0,0,1,1,0,0,0,0,0,0,0,0,0,0,0,25.208,0.03,59000,17.9,NA,1673360355,196.3333333,253.8666667,14375.71,6788,45,139.6666667,194.5666667,6974.616667,5202.666667,29,0,0,146.6666667,4318.18,0,0,37,3092.72,848.5,17.5,11.56,0,0,0,65,25,NA,NA,NA,24,30,27,0,0,0,0,0,29,25,1.1672,45206,3.91E+11,5020081066,589,761.6,43127.13,20364,90,419,583.7,20923.85,15608,29,0,0,440,12954.54,0,0,74,6185.44,1697,35,23.12,0,0,0,130,25,NA,NA,NA,24,30,27,0,0,0,0,0,29,25,2.3344,135618,1.17E+12,3,3,3,3,3,3,2,0,3,3,3,3,2,1,2,1,1,0,3,3,2,1,1,2,2,2,2,2,1,2,2,1,2,2,1,0,0,0,1,1,1,1,2,1,2,1,1,1,2,3,3,3,3,3,NA,NA,NA,NA,NA,NA,NA,NA,NA,NA,NA,NA,23,1
39061002200,27,2291,31.2,28.5,18.1,80.6,1,2.3,0,33.5,19.8,15740,21.6,17.3,17.9,4.4,1,0,0,1,2,0,1,0,0,1,0,0,0,0,0,0,130.802,0.137,27500,30.4,4,1445556643,195.9230769,227.4730769,29453.23538,4908.769231,72.43478261,240.2,280.8733333,33829.16333,6136.733333,107.3636364,64.35294118,37413.57765,193.2352941,5522.337059,0,0,42.70588235,3034.073529,547.9411765,22.73333333,12.52941176,0,0,0,67.82608696,21.54545455,75.125,54.4,25,70.35714286,29.78571429,91.5,6,0,0,0,0,82,20.07692308,1.237443478,45212.46154,3.91E+11,37584472726,5094,5914.3,765784.12,127628,1666,3603,4213.1,507437.45,92051,1181,1094,636030.82,3285,93879.73,0,0,726,51579.25,9315,341,213,0,0,0,1560,237,601,272,150,985,417,1098,12,0,0,0,0,1066,261,28.4612,1175524,1.02E+13,26,26,26,26,26,26,23,11,15,15,15,15,15,11,9,17,17,9,17,17,6,20,20,17,17,17,15,17,2,24,24,2,24,23,11,8,5,6,14,14,12,2,18,18,21,10,13,13,23,26,26,26,26,26,NA,NA,NA,NA,NA,NA,NA,NA,NA,NA,NA,NA,5,25
39061002300,23,1228,53.2,25.5,23.6,78.3,0.1,4.3,0,35.5,21.9,18355,21.3,18.8,17.6,5.4,2,1,0,2,5,0,1,0,0,1,0,0,0,0,0,0,126.05,0.276,19531,50.3,1,1491451154,1053.658537,1470.990244,116478.0982,41270.51568,126.9,887.5019763,1305.075494,76267.56379,36873.98024,132.5930233,340.7105263,119867.6624,1021.526316,28864.70487,7.822660099,235.4410837,102.7816092,9815.250345,2267.454023,33.7,11.86241379,3.969111969,624.0673745,0.489795918,68.04615385,39.74269006,85.66165414,77.43373494,29.26966292,85.36180905,71.07035176,151.9166667,41.67692308,0,0,0,0.285714286,128.7413793,42.32758621,1.862706538,45219,3.91E+11,4.28E+11,302400,422174.2,33429214.19,11844638,32994,224538,330184.1,19295693.64,9329117,22806,51788,18219884.68,232908,6581152.71,1588,47794.54,17884,1707853.56,394537,5055,2064.06,1028,161633.45,120,17692,6796,11393,6427,2605,16987,14143,21876,2709,0,0,0,34,22401,7365,484.3037,12977853,1.12E+14,287,287,287,287,287,287,260,34,253,253,253,253,115,172,135,152,152,59,228,228,84,203,203,174,174,174,150,174,28,259,259,42,245,260,171,133,83,89,199,199,144,65,173,167,248,119,174,174,260,287,287,287,287,287,8,8,8,8,8,8,8,8,NA,NA,NA,NA,170,117
39061002500,24,2369,55.7,3.7,5.7,20.7,1.2,0,0,18,27,13936,14.7,5.8,8.2,0.8,2,0,0,0,2,0,0,0,0,1,0,0,0,0,0,0,85.822,0.073,21393,61.9,NA,NA,NA,NA,NA,NA,NA,NA,NA,NA,NA,NA,NA,NA,NA,NA,NA,NA,NA,NA,NA,NA,NA,NA,NA,NA,NA,NA,NA,NA,NA,NA,NA,NA,NA,NA,NA,NA,NA,NA,NA,NA,NA,NA,NA,NA,NA,NA,NA,NA,NA,NA,NA,NA,NA,NA,NA,NA,NA,NA,NA,NA,NA,NA,NA,NA,NA,NA,NA,NA,NA,NA,NA,NA,NA,NA,NA,NA,NA,NA,NA,NA,NA,NA,NA,NA,NA,NA,NA,NA,NA,NA,NA,NA,NA,NA,NA,NA,NA,NA,NA,NA,NA,NA,NA,NA,NA,NA,NA,NA,NA,NA,NA,NA,NA,NA,NA,NA,NA,NA,NA,NA,NA,NA,NA,NA,NA,NA,NA,NA,NA,NA,NA,NA,NA,NA,NA,NA,NA,NA,NA,NA,NA,NA,NA,NA,NA,NA,NA,2,2,2,2,18,9
39061002600,30,4036,62.6,6.7,9.3,21.6,1.2,4,1.9,17.4,3.7,11818,4.6,9.8,9.7,0.7,2,0,0,0,2,0,0,0,0,0,0,0,0,0,0,0,1.467,0.001,21496,62.1,3,1617545390,638.3636364,761.3454545,75242.66636,19806.63636,105.75,382.8,505.4,42517.826,13094.7,105,111.5,78947.03667,661.8888889,21542.19333,1.5,6.1775,121.75,5177.5625,2725,31.625,15.72375,25.55555556,5075.545556,3.222222222,66.625,50.4,51,35.75,20.25,88.66666667,44.66666667,109,NA,0,0,0,0,81,74.4,2.0300875,45219,3.91E+11,17792999293,7022,8374.8,827669.33,217873,846,3828,5054,425178.26,130947,525,669,473682.22,5957,193879.74,12,49.42,974,41420.5,21800,253,125.79,230,45679.91,29,533,252,255,143,81,532,268,436,NA,0,0,0,0,405,372,16.2407,497409,4.30E+12,11,11,11,11,11,11,8,1,10,10,10,10,6,5,5,6,6,2,9,9,3,8,8,8,8,8,8,8,2,9,9,2,9,8,5,5,4,4,6,6,4,0,5,4,8,4,5,5,8,11,11,11,11,11,NA,NA,NA,NA,NA,NA,NA,NA,NA,NA,NA,NA,14,19
39061002700,10,1865,48.7,12.4,8.9,36.5,0.3,3.5,0.8,18,10.7,20668,15.1,6.3,19,0,1,0,0,0,1,0,0,0,0,0,0,0,0,0,0,0,0,0,26930,53.5,NA,NA,NA,NA,NA,NA,NA,NA,NA,NA,NA,NA,NA,NA,NA,NA,NA,NA,NA,NA,NA,NA,NA,NA,NA,NA,NA,NA,NA,NA,NA,NA,NA,NA,NA,NA,NA,NA,NA,NA,NA,NA,NA,NA,NA,NA,NA,NA,NA,NA,NA,NA,NA,NA,NA,NA,NA,NA,NA,NA,NA,NA,NA,NA,NA,NA,NA,NA,NA,NA,NA,NA,NA,NA,NA,NA,NA,NA,NA,NA,NA,NA,NA,NA,NA,NA,NA,NA,NA,NA,NA,NA,NA,NA,NA,NA,NA,NA,NA,NA,NA,NA,NA,NA,NA,NA,NA,NA,NA,NA,NA,NA,NA,NA,NA,NA,NA,NA,NA,NA,NA,NA,NA,NA,NA,NA,NA,NA,NA,NA,NA,NA,NA,NA,NA,NA,NA,NA,NA,NA,NA,NA,NA,NA,NA,NA,NA,NA,NA,NA,NA,NA,NA,NA,NA
39061002800,92,1687,42.4,18.1,26.7,42.4,1.4,10.2,1.3,21.1,14.6,12643,28.2,14.1,20.4,22.2,3,1,0,2,6,0,1,0,0,1,5.574,0,0,0.011,0,0,143.26,0.279,29769,41.3,1,1376731398,13,13,112.37,92,NA,NA,NA,NA,NA,NA,0,0,13,112.37,0,0,NA,NA,NA,NA,NA,0,0,0,NA,NA,NA,NA,NA,NA,NA,NA,NA,NA,NA,NA,NA,NA,NA,NA,45225,3.91E+11,1376731398,13,13,112.37,92,NA,NA,NA,NA,NA,NA,0,0,13,112.37,0,0,NA,NA,NA,NA,NA,0,0,0,NA,NA,NA,NA,NA,NA,NA,NA,NA,NA,NA,NA,NA,NA,NA,NA,45225,3.91E+11,1,1,1,1,1,1,0,1,0,0,0,0,1,0,0,1,1,0,1,1,0,1,1,0,0,0,0,0,0,1,1,0,1,0,0,0,0,0,0,0,0,0,0,0,0,0,0,0,0,1,1,1,1,1,NA,NA,NA,NA,NA,NA,NA,NA,NA,NA,NA,NA,NA,NA
39061002900,30,5294,37.6,9.6,2.6,31.3,1.8,3.6,2.1,19.2,54.7,16835,6.3,7.6,11.2,21,1,0,0,2,3,0,1,0,0,1,0,0,0,0,0,0,330.449,0.159,23157,33.9,NA,1514094247,997.4468085,1337.94383,74546.12281,36880.22553,139.2604651,916.1649485,1279.731959,55474.28531,35583.37629,146.777027,358.1941748,93843.9534,1089.333333,25679.03321,11.15483871,332.6474839,82.18954248,3724.851242,1580.529412,32.27941176,19.64627451,5.901960784,453.3835294,0.489690722,67.13023256,41.02027027,90.3963964,90.63636364,35.60714286,96.63687151,65.18994413,167.6388889,78.04166667,0,0.3203125,0,0,137.1793103,53.64827586,1.676526977,45219.98723,3.91E+11,3.56E+11,234400,314416.8,17518338.86,8666853,29941,177736,248268,10762011.35,6903175,21723,36894,9665927.2,183008,4314077.58,1729,51560.36,12575,569902.24,241821,4390,3005.88,1204,92490.24,95,14433,6071,10034,6979,2991,17298,11669,18105,3746,0,41,0,0,19891,7779,360.4533,10626697,9.19E+13,235,235,235,235,235,235,215,41,194,194,194,194,87,148,132,103,103,67,168,168,80,155,155,153,153,153,136,153,31,204,204,41,194,215,148,111,77,84,179,179,108,48,120,128,197,86,145,145,215,235,235,235,235,235,6,6,5,6,6,6,6,6,NA,NA,NA,NA,139,172
39061003000,14,4554,65.7,17.7,2.4,25.7,0.5,1.4,0,25.2,38.5,7900,13.5,4,2.6,71.6,3,0,0,3,6,1,0,0,0,0,0,0,0,0,0,0,14.26,0.026,17222,70.1,1,1169627386,2285,3145.95,102236.445,84652,169.5,1373,1969.55,53306.935,52971.5,90,429,62770,1835.5,39114.51,20.5,351.935,67.5,2008.15,1209,25,11.285,0,0,0,63.5,79.5,55.5,36,12,92.5,77,48,166,0,NA,0,NA,71.5,98,1.3124,45220,3.91E+11,2339254772,4570,6291.9,204472.89,169304,339,2746,3939.1,106613.87,105943,180,858,125540,3671,78229.02,41,703.87,135,4016.3,2418,50,22.57,0,0,0,127,159,111,36,12,185,154,48,166,0,NA,0,NA,143,196,2.6248,90440,7.82E+11,2,2,2,2,2,2,2,0,2,2,2,2,0,2,0,2,2,0,2,2,0,2,2,2,2,2,2,2,1,1,1,1,1,2,2,2,1,1,2,2,1,1,1,0,1,0,2,2,2,2,2,2,2,2,NA,NA,NA,NA,NA,NA,NA,NA,NA,NA,NA,NA,1,3
39061003200,29,1515,51.4,4.5,2.2,56.2,2.5,2.8,0,18.1,41,18691,17.3,8.6,7.4,7.9,1,0,0,2,3,0,0,0,0,0,0,0,0,0,0,0,6.86,0.008,31250,40.1,1,1494508732,419.4907326,526.4220653,87112.59909,14332.08914,71.19572954,278.2789651,378.4412823,40800.82675,10431.8234,51.22147651,165.08,138732.4752,474.0554785,15142.9085,5.854142357,174.9321937,38.51119895,2174.531318,773.9565217,14.94510386,12.12916996,2.339198436,363.8828348,0.255081301,61.64412811,42.60728745,52.0565371,49.18584071,13.09036145,57.1627907,40.07334526,82.08641975,40.19367589,0,0.273056058,0,0.035794183,58.85831622,46.65708419,1.876525741,45222.41483,3.91E+11,1.69E+12,475283,596436.2,98698574.77,16238257,60018,247390,336434.3,36271934.98,9273891,30528,86667,72834549.48,341794,10918037.03,5017,149916.89,29230,1650469.27,587433,10073,9206.04,2393,372252.14,251,51966,21048,14732,5558,2173,31954,22401,26596,10169,0,151,0,16,28664,22722,1581.9112,51236996,4.43E+14,1133,1133,1133,1133,1133,1133,843,244,889,889,889,889,537,596,608,525,525,412,721,721,276,857,857,759,759,759,674,759,110,1023,1023,149,984,843,494,283,113,166,559,559,324,253,557,553,794,447,487,487,843,1133,1133,1133,1133,1133,12,12,11,12,12,12,12,12,4,4,4,4,2600,494
39061003300,32,1667,59,20.1,13.3,47.6,2.8,0.7,0,35.3,40.2,14934,35.7,5.6,13.3,0.3,3,0,0,2,5,0,0,0,0,0,0,0,0,0,0,0,0,0,14805,61.3,NA,1455029975,843.8333333,1209.35,53163.53,34839.91667,131.75,864.5555556,1320.588889,45380.14667,38292.55556,219.3333333,282.6,78040.99,1020.125,24169.6425,2.666666667,28.82555556,20.11111111,886.2244444,302.6666667,9,9.432222222,3.090909091,206.0481818,0,64.375,80,134,116.5,45,81.42857143,66.42857143,336.5,NA,0,0,0,0,139.2,54.8,1.1807875,45219,3.91E+11,17460359695,10126,14512.2,637962.36,418079,1054,7781,11885.3,408421.32,344633,658,1413,390204.95,8161,193357.14,24,259.43,181,7976.02,2724,72,84.89,34,2266.53,0,515,240,268,233,135,570,465,673,NA,0,0,0,0,696,274,9.4463,542628,4.69E+12,12,12,12,12,12,12,8,3,9,9,9,9,9,3,7,5,5,4,8,8,3,9,9,9,9,9,8,9,1,11,11,3,9,8,3,2,2,3,7,7,2,0,7,4,8,4,5,5,8,12,12,12,12,12,6,6,6,6,6,6,6,6,NA,NA,NA,NA,8,12
39061003600,22,1200,60.3,31.5,22.2,93.3,0.5,0,0,60.8,28.7,9283,35.3,28.7,16,7.2,4,2,1,2,9,0,1,0,0,1,0,0,0,0,0,0,149.861,0.217,12799,66.8,17,NA,NA,NA,NA,NA,NA,NA,NA,NA,NA,NA,NA,NA,NA,NA,NA,NA,NA,NA,NA,NA,NA,NA,NA,NA,NA,NA,NA,NA,NA,NA,NA,NA,NA,NA,NA,NA,NA,NA,NA,NA,NA,NA,NA,NA,NA,NA,NA,NA,NA,NA,NA,NA,NA,NA,NA,NA,NA,NA,NA,NA,NA,NA,NA,NA,NA,NA,NA,NA,NA,NA,NA,NA,NA,NA,NA,NA,NA,NA,NA,NA,NA,NA,NA,NA,NA,NA,NA,NA,NA,NA,NA,NA,NA,NA,NA,NA,NA,NA,NA,NA,NA,NA,NA,NA,NA,NA,NA,NA,NA,NA,NA,NA,NA,NA,NA,NA,NA,NA,NA,NA,NA,NA,NA,NA,NA,NA,NA,NA,NA,NA,NA,NA,NA,NA,NA,NA,NA,NA,NA,NA,NA,NA,NA,NA,NA,NA,NA,NA,NA,NA,NA,NA,NA
39061003700,24,1715,65.7,28.8,19,92.7,0,3.1,0,64.7,57.5,11627,21.6,28.4,16.5,4,3,2,1,2,8,0,0,0,0,0,0,0,0,0,0,0,5.232,0.005,11000,65.7,1,1428839156,1600.615385,1643.469231,291426.2331,45529.23077,116.8333333,117.0769231,125.0538462,14978.92385,3464.153846,17.55555556,314.1666667,235614.7067,1305.538462,72236.62154,1.916666667,24.98916667,6.454545455,41.15454545,44,4,7.135454545,46,13858.59333,9.166666667,52.75,108.25,NA,NA,0,64.45454545,61.09090909,78.33333333,34,0,0,0,0,23.72727273,101.8181818,1.2351,45206,3.91E+11,18574909028,20808,21365.1,3788541.03,591880,1402,1522,1625.7,194726.01,45034,158,3770,2827376.48,16972,939076.08,23,299.87,71,452.7,484,44,78.49,552,166303.12,55,633,866,NA,NA,0,709,672,705,136,0,0,0,0,261,1120,14.8212,587678,5.08E+12,13,13,13,13,13,13,12,0,13,13,13,13,4,9,1,12,12,0,13,13,1,12,12,11,11,11,11,11,1,12,12,7,6,12,8,0,0,7,11,11,9,4,7,5,11,4,11,11,12,13,13,13,13,13,2,2,2,2,2,2,2,2,NA,NA,NA,NA,614,33
39061003800,11,2155,39.2,22,21.5,96.5,0,2.1,0,29.9,19.3,22113,23.1,24,16.7,0.6,2,2,1,1,6,0,1,1,1,1,72.386,0,0,0.075,0,0,261.273,0.27,21007,37.5,3,NA,NA,NA,NA,NA,NA,NA,NA,NA,NA,NA,NA,NA,NA,NA,NA,NA,NA,NA,NA,NA,NA,NA,NA,NA,NA,NA,NA,NA,NA,NA,NA,NA,NA,NA,NA,NA,NA,NA,NA,NA,NA,NA,NA,NA,NA,NA,NA,NA,NA,NA,NA,NA,NA,NA,NA,NA,NA,NA,NA,NA,NA,NA,NA,NA,NA,NA,NA,NA,NA,NA,NA,NA,NA,NA,NA,NA,NA,NA,NA,NA,NA,NA,NA,NA,NA,NA,NA,NA,NA,NA,NA,NA,NA,NA,NA,NA,NA,NA,NA,NA,NA,NA,NA,NA,NA,NA,NA,NA,NA,NA,NA,NA,NA,NA,NA,NA,NA,NA,NA,NA,NA,NA,NA,NA,NA,NA,NA,NA,NA,NA,NA,NA,NA,NA,NA,NA,NA,NA,NA,NA,NA,NA,NA,NA,NA,NA,NA,NA,NA,NA,NA,NA,NA
39061003900,6,1835,51.3,14.7,33.4,89.3,0,0,0,34,9,11793,26.5,14.1,15,0,2,2,1,1,6,0,1,1,1,1,27.17,0,0,0.037,0,0,199.039,0.27,25625,37.6,1,NA,NA,NA,NA,NA,NA,NA,NA,NA,NA,NA,NA,NA,NA,NA,NA,NA,NA,NA,NA,NA,NA,NA,NA,NA,NA,NA,NA,NA,NA,NA,NA,NA,NA,NA,NA,NA,NA,NA,NA,NA,NA,NA,NA,NA,NA,NA,NA,NA,NA,NA,NA,NA,NA,NA,NA,NA,NA,NA,NA,NA,NA,NA,NA,NA,NA,NA,NA,NA,NA,NA,NA,NA,NA,NA,NA,NA,NA,NA,NA,NA,NA,NA,NA,NA,NA,NA,NA,NA,NA,NA,NA,NA,NA,NA,NA,NA,NA,NA,NA,NA,NA,NA,NA,NA,NA,NA,NA,NA,NA,NA,NA,NA,NA,NA,NA,NA,NA,NA,NA,NA,NA,NA,NA,NA,NA,NA,NA,NA,NA,NA,NA,NA,NA,NA,NA,NA,NA,NA,NA,NA,NA,NA,NA,NA,NA,NA,NA,NA,NA,NA,NA,NA,NA
39061004000,6,2307,27.9,9,18.1,73.2,0,1.8,1,14.4,23.1,30062,14,12,7.8,3.9,0,0,0,0,0,0,1,1,1,1,172.616,0,0,0.187,0,0,182.252,0.197,35625,27.9,NA,1638220680,3030.555556,4876.088889,315820.1656,138879.2222,252.4444444,2524.875,4127,252384.2,117390.375,245.5,904,246743.895,2083.222222,70003.84333,26.5,993.35,54.42857143,1403.608571,1172.714286,16.85714286,1.328571429,77.71428571,18624.65429,18.75,73.11111111,56,119.5,105.3333333,58.66666667,154.6666667,97.77777778,224,44,0,0,0,NA,212.6,66.2,1.229233333,45207,3.91E+11,14743986122,27275,43884.8,2842381.49,1249913,2272,20199,33016,2019073.6,939123,982,7232,1973951.16,18749,630034.59,212,7946.8,381,9825.26,8209,118,9.3,544,130372.58,75,658,224,478,316,176,1392,880,2016,44,0,0,0,NA,1063,331,11.0631,406863,3.52E+12,9,9,9,9,9,9,9,1,8,8,8,8,5,4,1,8,8,0,9,9,1,8,8,7,7,7,7,7,2,7,7,5,4,9,4,4,3,3,9,9,9,1,4,3,9,0,5,5,9,9,9,9,9,9,NA,NA,NA,NA,NA,NA,NA,NA,NA,NA,NA,NA,14,14
39061004100,5,1578,30.1,16.5,11.5,51.1,0,0.7,0,19.8,20.1,36249,8.2,11,17.6,7,0,0,0,1,1,0,1,1,1,1,63.814,0,0,0.09,0,0,130.192,0.183,36500,29.2,NA,NA,NA,NA,NA,NA,NA,NA,NA,NA,NA,NA,NA,NA,NA,NA,NA,NA,NA,NA,NA,NA,NA,NA,NA,NA,NA,NA,NA,NA,NA,NA,NA,NA,NA,NA,NA,NA,NA,NA,NA,NA,NA,NA,NA,NA,NA,NA,NA,NA,NA,NA,NA,NA,NA,NA,NA,NA,NA,NA,NA,NA,NA,NA,NA,NA,NA,NA,NA,NA,NA,NA,NA,NA,NA,NA,NA,NA,NA,NA,NA,NA,NA,NA,NA,NA,NA,NA,NA,NA,NA,NA,NA,NA,NA,NA,NA,NA,NA,NA,NA,NA,NA,NA,NA,NA,NA,NA,NA,NA,NA,NA,NA,NA,NA,NA,NA,NA,NA,NA,NA,NA,NA,NA,NA,NA,NA,NA,NA,NA,NA,NA,NA,NA,NA,NA,NA,NA,NA,NA,NA,1,1,1,1,1,1,1,1,NA,NA,NA,NA,NA,2
39061004200,4,1847,12.3,5.2,0,35.6,1.4,0,0,19.1,41.8,72991,9.3,14.9,6.9,0,0,0,0,1,1,0,1,0,0,1,19.824,0,0,0.018,0,0,272.496,0.253,42115,10,3,NA,NA,NA,NA,NA,NA,NA,NA,NA,NA,NA,NA,NA,NA,NA,NA,NA,NA,NA,NA,NA,NA,NA,NA,NA,NA,NA,NA,NA,NA,NA,NA,NA,NA,NA,NA,NA,NA,NA,NA,NA,NA,NA,NA,NA,NA,NA,NA,NA,NA,NA,NA,NA,NA,NA,NA,NA,NA,NA,NA,NA,NA,NA,NA,NA,NA,NA,NA,NA,NA,NA,NA,NA,NA,NA,NA,NA,NA,NA,NA,NA,NA,NA,NA,NA,NA,NA,NA,NA,NA,NA,NA,NA,NA,NA,NA,NA,NA,NA,NA,NA,NA,NA,NA,NA,NA,NA,NA,NA,NA,NA,NA,NA,NA,NA,NA,NA,NA,NA,NA,NA,NA,NA,NA,NA,NA,NA,NA,NA,NA,NA,NA,NA,NA,NA,NA,NA,NA,NA,NA,2,2,2,2,2,2,2,2,NA,NA,NA,NA,5,NA
39061004500,4,1064,11.8,14.8,7.2,3.9,0,1.5,0.5,1.7,1.2,67801,5.6,8.6,18.9,0,0,0,0,0,0,0,0,1,1,1,0,0,0,0,0,0,0,0,133214,9.9,NA,1555151635,121.3333333,207.1333333,21751.98,5533.666667,40,99.5,203.9,13844.695,5644,NA,42,9129.446667,79.33333333,12622.53333,0,0,42,6563.34,903,NA,40.78,0,0,0,67,NA,NA,NA,NA,40,0,32,0,0,0,0,0,NA,NA,0.663,45229.33333,3.91E+11,4665454906,364,621.4,65255.94,16601,80,199,407.8,27689.39,11288,NA,126,27388.34,238,37867.6,0,0,42,6563.34,903,NA,40.78,0,0,0,134,NA,NA,NA,NA,80,0,32,0,0,0,0,0,NA,NA,1.326,135688,1.17E+12,3,3,3,3,3,3,2,1,2,2,2,2,3,0,0,3,3,0,3,3,0,3,3,1,1,1,0,1,0,3,3,0,3,2,0,0,0,0,2,2,1,2,1,2,2,2,0,0,2,3,3,3,3,3,NA,NA,NA,NA,NA,NA,NA,NA,NA,NA,NA,NA,1,NA
39061004602,31,4717,9.7,8.3,6.8,8.9,0.4,0,0,8.5,20.7,36983,6.6,12.7,11.3,0,0,0,0,0,0,0,0,0,0,1,3.162,0,0,0.001,0,0,35.652,0.016,55042,11.2,4,1289881544,288.8,372.34,23893.536,9595.6,74.33333333,183,262.325,18763.13,6747,60,137,47023.92,536,10925.33,6.333333333,366.28,38,496.43,394.6666667,17,12.99666667,0,0,0,67.66666667,43,36.5,NA,NA,59.5,43.5,138,NA,0,0,0,0,48.66666667,25.66666667,0.9789,45230,3.91E+11,6449407721,1444,1861.7,119467.68,47978,223,732,1049.3,75052.52,26988,120,274,94047.84,1072,21850.66,19,1098.84,114,1489.29,1184,51,38.99,0,0,0,203,86,73,NA,NA,119,87,138,NA,0,0,0,0,146,77,2.9367,226150,1.96E+12,5,5,5,5,5,5,3,1,4,4,4,4,3,2,3,2,2,3,2,2,2,3,3,3,3,3,3,3,1,4,4,1,4,3,2,2,0,0,2,2,1,0,2,1,3,2,3,3,3,5,5,5,5,5,NA,NA,NA,NA,NA,NA,NA,NA,NA,NA,NA,NA,1,2
39061004603,3,3045,6.1,3.2,4.3,10.2,0.9,0.5,0,1.9,7.1,34771,8,8.5,10.2,3.4,0,0,0,0,0,0,0,1,1,1,9.596,0,0,0.007,0,0,99.947,0.074,71369,8.8,3,1497795603,24,24,252.74,169,22,NA,NA,NA,NA,NA,0,0,24,252.74,0,0,0,0,0,0,0,0,0,0,74,NA,NA,NA,NA,NA,NA,22,0,0,0,0,0,22,0,1.3915,45230,3.91E+11,1497795603,24,24,252.74,169,22,NA,NA,NA,NA,NA,0,0,24,252.74,0,0,0,0,0,0,0,0,0,0,74,NA,NA,NA,NA,NA,NA,22,0,0,0,0,0,22,0,1.3915,45230,3.91E+11,1,1,1,1,1,1,1,1,0,0,0,0,1,0,0,1,1,0,1,1,0,1,1,1,1,1,1,1,0,1,1,0,1,1,0,0,0,0,0,0,1,1,1,1,1,1,1,1,1,1,1,1,1,1,NA,NA,NA,NA,NA,NA,NA,NA,NA,NA,NA,NA,NA,NA
39061004604,26,3464,13.9,7.6,10.4,10.2,0.8,0.6,0,11.9,21.2,29781,3.9,10.3,6.4,0,0,0,0,0,0,0,0,0,0,1,0,0,0,0,0,0,59.299,0.035,57344,11.9,5,NA,NA,NA,NA,NA,NA,NA,NA,NA,NA,NA,NA,NA,NA,NA,NA,NA,NA,NA,NA,NA,NA,NA,NA,NA,NA,NA,NA,NA,NA,NA,NA,NA,NA,NA,NA,NA,NA,NA,NA,NA,NA,NA,NA,NA,NA,NA,NA,NA,NA,NA,NA,NA,NA,NA,NA,NA,NA,NA,NA,NA,NA,NA,NA,NA,NA,NA,NA,NA,NA,NA,NA,NA,NA,NA,NA,NA,NA,NA,NA,NA,NA,NA,NA,NA,NA,NA,NA,NA,NA,NA,NA,NA,NA,NA,NA,NA,NA,NA,NA,NA,NA,NA,NA,NA,NA,NA,NA,NA,NA,NA,NA,NA,NA,NA,NA,NA,NA,NA,NA,NA,NA,NA,NA,NA,NA,NA,NA,NA,NA,NA,NA,NA,NA,NA,NA,NA,NA,NA,NA,1,1,1,1,1,1,1,1,NA,NA,NA,NA,2,NA
39061004605,11,2437,9.5,1.8,6.3,12,0,0,0,9.2,27.9,33378,2.4,15.5,11.9,0,0,0,0,0,0,0,0,0,0,1,15.877,0,0,0.012,0,0,50.579,0.04,51324,7.7,NA,1538435771,91,98,12601.6,2715,22,NA,NA,NA,NA,NA,11,5330.88,80,7270.72,0,0,NA,NA,NA,NA,NA,NA,NA,NA,50,NA,NA,NA,NA,NA,NA,NA,NA,0,0,0,NA,NA,NA,1.2107,45230,3.91E+11,1538435771,91,98,12601.6,2715,22,NA,NA,NA,NA,NA,11,5330.88,80,7270.72,0,0,NA,NA,NA,NA,NA,NA,NA,NA,50,NA,NA,NA,NA,NA,NA,NA,NA,0,0,0,NA,NA,NA,1.2107,45230,3.91E+11,1,1,1,1,1,1,1,1,0,0,0,0,1,0,0,1,1,0,1,1,0,1,1,0,0,0,0,0,1,0,0,1,0,1,0,0,0,0,0,0,0,0,1,1,1,0,0,0,1,1,1,1,1,1,NA,NA,NA,NA,NA,NA,NA,NA,NA,NA,NA,NA,NA,NA
39061004701,5,2964,3.6,3.4,2.1,5,0,0,0,4.8,14,56591,1.6,6.4,3.8,0.2,0,0,0,0,0,0,0,1,1,1,56.493,0,0,0.039,0,0,56.493,0.039,94653,2.1,3,1270656316,272.8333333,354.35,22377.91,10389.66667,26.75,104.2,158,8951.262,4702.4,10,51.66666667,16865.78,413.6666667,22190.47,0,0,6.8,382.502,190.2,0,5.156,24.33333333,6320.65,0,59,29,20,0,0,19.5,21.5,14,0,0,0,0,0,21.5,8.5,1.1614,45226,3.91E+11,7623937897,1637,2126.1,134267.46,62338,107,521,790,44756.31,23512,20,155,50597.34,1241,66571.41,0,0,34,1912.51,951,0,25.78,73,18961.95,0,236,29,20,0,0,39,43,14,0,0,0,0,0,43,17,4.6456,271356,2.35E+12,6,6,6,6,6,6,4,1,5,5,5,5,4,2,3,3,3,3,3,3,0,6,6,5,5,5,3,5,3,3,3,4,2,4,1,1,1,1,2,2,1,1,3,4,3,3,2,2,4,6,6,6,6,6,NA,NA,NA,NA,NA,NA,NA,NA,NA,NA,NA,NA,9,NA
39061004702,21,829,35.8,17.2,17.6,2.8,0,1.2,0,14.8,4.4,16017,29.4,14.4,20.6,0,1,0,0,0,1,0,0,1,1,1,75.153,0,0,0.217,0,0,77.513,0.224,31842,34.1,NA,NA,NA,NA,NA,NA,NA,NA,NA,NA,NA,NA,NA,NA,NA,NA,NA,NA,NA,NA,NA,NA,NA,NA,NA,NA,NA,NA,NA,NA,NA,NA,NA,NA,NA,NA,NA,NA,NA,NA,NA,NA,NA,NA,NA,NA,NA,NA,NA,NA,NA,NA,NA,NA,NA,NA,NA,NA,NA,NA,NA,NA,NA,NA,NA,NA,NA,NA,NA,NA,NA,NA,NA,NA,NA,NA,NA,NA,NA,NA,NA,NA,NA,NA,NA,NA,NA,NA,NA,NA,NA,NA,NA,NA,NA,NA,NA,NA,NA,NA,NA,NA,NA,NA,NA,NA,NA,NA,NA,NA,NA,NA,NA,NA,NA,NA,NA,NA,NA,NA,NA,NA,NA,NA,NA,NA,NA,NA,NA,NA,NA,NA,NA,NA,NA,NA,NA,NA,NA,NA,NA,NA,NA,NA,NA,NA,NA,NA,NA,NA,NA,NA,NA,1,NA
39061004800,2,3327,3.3,0.9,3.9,5.6,0.5,0,0,2.6,0,62264,1.6,5.2,3.3,0,0,0,0,0,0,0,0,1,1,1,23.738,0,0,0.018,0,0,24.534,0.018,106786,3.5,NA,1432687048,130.5,139.75,5668.175,2204,54,69,69,459.54,291,NA,22,4157.685,108.5,1510.49,0,0,6,49.41,16.5,0,7.06,0,0,0,79.5,NA,NA,NA,NA,36.5,17.5,NA,NA,0,0,0,0,32,26,1.3144,45208,3.91E+11,2865374095,261,279.5,11336.35,4408,108,69,69,459.54,291,NA,44,8315.37,217,3020.98,0,0,12,98.82,33,0,14.12,0,0,0,159,NA,NA,NA,NA,73,35,NA,NA,0,0,0,0,32,26,2.6288,90416,7.82E+11,2,2,2,2,2,2,2,1,1,1,1,1,2,0,0,2,2,0,2,2,0,2,2,2,2,2,1,2,0,2,2,0,2,2,0,0,0,0,2,2,0,0,2,2,2,1,1,1,2,2,2,2,2,2,NA,NA,NA,NA,NA,NA,NA,NA,NA,NA,NA,NA,5,1
39061004900,6,6892,8.3,5.2,3.8,12.8,1.8,0.5,0,2.6,27.9,55845,0.8,6,4.8,0.3,0,0,0,0,0,0,1,1,1,1,116.47,0,0,0.038,0,0,142.53,0.047,78827,12.2,11,1380712792,43.6,46.8,1626.51,574.2,33.75,27.5,34.5,3516.66,856,11,0,0,27.33333333,222.1133333,0,0,0,0,0,0,0,0,0,0,73.75,0,NA,NA,NA,31.5,18.5,11,0,0,0,0,0,17.5,0,0.816375,45208,3.91E+11,6903563960,218,234,8132.55,2871,135,55,69,7033.32,1712,11,0,0,82,666.34,0,0,0,0,0,0,0,0,0,0,295,0,NA,NA,NA,63,37,11,0,0,0,0,0,35,0,3.2655,226040,1.96E+12,5,5,5,5,5,5,4,3,2,2,2,2,4,1,2,3,3,2,3,3,1,4,4,3,3,3,3,3,0,5,5,0,5,4,1,0,0,0,2,2,1,3,4,4,4,1,2,2,4,5,5,5,5,5,NA,NA,NA,NA,NA,NA,NA,NA,NA,NA,NA,NA,10,NA
39061005000,4,4944,6.8,3.9,2.3,22.6,0.6,0,0,4.6,31.9,51953,5.4,9.3,4.4,1.5,0,0,0,0,0,0,0,0,0,1,8.475,0,0,0.003,0,0,60.647,0.023,70915,6.3,1,1394497108,1056.25,1687.135714,60990.9525,47504.35714,126.375,1309.421053,2172.531579,73858.75842,61609.36842,177.0714286,360.5714286,70443.09143,1160.85,28834.411,13.8,608.0215,56.66666667,1407.789444,1095.666667,20.875,8.903333333,5.08,324.7104,0,73,21.64285714,92.14285714,71.5,41.3,97,78.1875,224.1,11.42857143,0,0,0,2.666666667,207.3636364,29.18181818,0.997545833,45208,3.91E+11,39045919024,29575,47239.8,1707746.67,1330122,3033,24879,41278.1,1403316.41,1170578,2479,5048,986203.28,23217,576688.22,276,12160.43,1020,25340.21,19722,334,160.26,127,8117.76,0,1752,303,1290,715,413,1552,1251,2241,80,0,0,0,16,2281,321,23.9411,1265824,1.09E+13,28,28,28,28,28,28,24,9,19,19,19,19,14,14,14,14,14,8,20,20,8,20,20,18,18,18,16,18,3,25,25,8,20,24,14,14,10,10,16,16,10,7,17,18,24,6,11,11,24,28,28,28,28,28,1,1,1,1,1,1,1,1,NA,NA,NA,NA,15,3
39061005200,5,3450,8.3,3.9,6.5,14.3,1,0,0,7.4,7.7,48162,6.6,7.6,12.3,0.3,0,0,0,0,0,0,0,0,0,0,0,0,0,0,0,0,0.101,0,62994,12.1,2,1501257585,1349.741935,2136.896774,306659.2932,59640.3871,164.6451613,1221.225806,1976.258065,273224.3329,55729.77419,154.7307692,401.8888889,254594.22,1216.307692,35881.74654,14.34782609,778.8052174,81.67857143,4394.728214,1425.464286,38.04166667,12.20642857,5.291666667,1228.539167,0.5,69.77419355,27.30769231,98.17391304,66.70588235,25.375,114.3214286,64.85714286,172.5416667,20,0,0,0,3.714285714,163.1304348,29.52173913,1.702103226,45209,3.91E+11,46538985144,41842,66243.8,9506438.09,1848852,5104,37858,61264,8469954.32,1727623,4023,7234,4582695.96,31624,932925.41,330,17912.52,2287,123052.39,39913,913,341.78,127,29484.94,11,2163,710,2258,1134,406,3201,1816,4141,60,0,0,0,26,3752,679,52.7652,1401479,1.21E+13,31,31,31,31,31,31,31,0,31,31,31,31,5,26,13,18,18,5,26,26,8,23,23,28,28,28,24,28,7,24,24,9,22,31,26,23,17,16,28,28,24,3,15,17,30,7,23,23,31,31,31,31,31,31,NA,NA,NA,NA,NA,NA,NA,NA,NA,NA,NA,NA,13,2
39061005301,4,2718,11.5,4.3,3.1,18.2,0.5,0,0,18.5,29.5,41290,14.2,14.3,11,0.8,0,0,0,0,0,0,0,0,0,0,0,0,0,0,0,0,0.709,0,47760,7.6,6,1641348156,105.2,122.23,4777.711,2183.5,53.6,105.125,125.45,5210.19125,2342.625,77,35.33333333,4205.336667,78.625,1389.9675,0,0,0,0,0,0,0,0,0,0,69.9,15.33333333,72.5,NA,NA,48.16666667,25.16666667,32.5,3,0,0,0,0,63.25,11.25,0.8205,45209,3.91E+11,16413481563,1052,1222.3,47777.11,21835,536,841,1003.6,41681.53,18741,231,212,25232.02,629,11119.74,0,0,0,0,0,0,0,0,0,0,699,46,145,NA,NA,289,151,130,15,0,0,0,0,253,45,8.205,452090,3.91E+12,10,10,10,10,10,10,10,2,8,8,8,8,7,3,4,6,6,2,8,8,2,8,8,7,7,7,7,7,0,10,10,0,10,10,3,2,0,0,6,6,4,5,8,10,10,4,4,4,10,10,10,10,10,10,NA,NA,NA,NA,NA,NA,NA,NA,NA,NA,NA,NA,1,11
39061005302,5,3096,10.6,4.7,4.9,17.5,0.6,0.4,0,11.3,31.3,52181,3.3,12.1,11.4,6.7,0,1,0,1,2,0,0,0,0,1,0,0,0,0,0,0,69.243,0.037,46925,11,2,1795903429,13,13.5,414.365,119,NA,0,0,0,0,0,0,0,14,205.25,0,0,NA,NA,NA,NA,NA,0,0,0,NA,NA,NA,NA,NA,NA,NA,NA,NA,NA,NA,NA,NA,NA,NA,NA,45208.5,3.91E+11,3591806858,26,27,828.73,238,NA,0,0,0,0,0,0,0,14,205.25,0,0,NA,NA,NA,NA,NA,0,0,0,NA,NA,NA,NA,NA,NA,NA,NA,NA,NA,NA,NA,NA,NA,NA,NA,90417,7.82E+11,2,2,2,2,2,2,0,1,1,1,1,1,1,1,1,1,1,1,1,1,0,2,2,0,0,0,0,0,0,2,2,0,2,0,0,0,0,0,0,0,0,0,0,0,0,0,0,0,0,2,2,2,2,2,NA,NA,NA,NA,NA,NA,NA,NA,NA,NA,NA,NA,NA,3
39061005400,10,931,14,0.6,2.7,32.3,2.6,0,0,9.3,47.8,34301,9.6,13.1,10.7,1,0,0,0,1,1,0,0,0,0,0,0,0,0,0,0,0,0,0,41354,11.3,1,1648113387,5094.166667,7463.566667,296297.5183,213710.3333,261.8333333,4328.666667,6524.766667,243706.8967,187900.6667,224.1666667,1358.2,256913.24,4678.4,96324.806,51.83333333,1676.366667,250.5,7423.2275,6432.5,54.75,2.8575,12.4,2344.738,0,71.83333333,37.66666667,118.8333333,68.83333333,36.5,177.5,84.33333333,204.5,103.3333333,0,NA,0,NA,210.3333333,51.5,1.09885,45209,3.91E+11,9888680322,30565,44781.4,1777785.11,1282262,1571,25972,39148.6,1462241.38,1127404,1345,6791,1284566.2,23392,481624.03,311,10058.2,1002,29692.91,25730,219,11.43,62,11723.69,0,431,226,713,413,219,1065,506,818,310,0,NA,0,NA,1262,309,6.5931,271254,2.35E+12,6,6,6,6,6,6,6,0,6,6,6,6,0,6,1,5,5,1,5,5,0,6,6,4,4,4,4,4,1,5,5,4,2,6,6,6,6,6,6,6,4,3,3,0,6,0,6,6,6,6,6,6,6,6,NA,NA,NA,NA,NA,NA,NA,NA,NA,NA,NA,NA,NA,19
39061005500,16,3930,33.6,13.9,12.7,70.1,0,0.9,0.5,21.1,29.1,22838,18.8,19.6,17,1.2,0,0,0,0,0,0,1,1,1,1,103.686,0,0,0.053,0,0,334.008,0.172,30458,32.6,4,1518599736,1350.084507,1882.235211,124386.9124,51125.22535,174.057971,1285.412698,1841.612698,108741.8919,50434.22222,180.1666667,535.9767442,148512.4642,1155.275862,29945.02034,33.86792453,1828.093208,91.94915254,3639.571017,1326.677966,41.65454545,17.82271186,14.44776119,1045.760299,1.383333333,69.63768116,33.08333333,110.9230769,98.4,44.03846154,131.25,72.64285714,191.787234,35.95238095,0,0.255319149,0,0,169.9814815,40.62962963,1.416475362,45228.26761,3.91E+11,1.08E+11,95856,133638.7,8831470.78,3629891,12010,80981,116021.6,6850739.19,3177356,8648,23047,6386035.96,67006,1736811.18,1795,96888.94,5425,214734.69,78274,2291,1051.54,968,70065.94,83,4805,1588,4326,2460,1145,7350,4068,9014,755,0,12,0,0,9179,2194,97.7368,3211207,2.78E+13,71,71,71,71,71,71,69,8,63,63,63,63,23,48,28,43,43,13,58,58,18,53,53,59,59,59,55,59,4,67,67,11,60,69,48,39,25,26,56,56,47,21,41,47,67,22,54,54,69,71,71,71,71,71,1,1,1,1,1,1,1,1,3,3,3,3,15,48
39061005600,18,5772,22.9,8.4,6.7,42.1,0,0.4,0.4,10.6,2.2,27618,14.2,15.1,16.5,0,0,0,0,0,0,0,1,1,1,1,159.81,0,0,0.064,0,0,276.287,0.11,42055,22.2,9,1700126943,31,31,583.87,930,NA,31,31,583.87,930,NA,NA,NA,NA,NA,0,0,0,0,0,0,0,0,0,0,NA,NA,NA,NA,NA,NA,NA,NA,NA,NA,NA,NA,NA,NA,NA,NA,45227,3.91E+11,1700126943,31,31,583.87,930,NA,31,31,583.87,930,NA,NA,NA,NA,NA,0,0,0,0,0,0,0,0,0,0,NA,NA,NA,NA,NA,NA,NA,NA,NA,NA,NA,NA,NA,NA,NA,NA,45227,3.91E+11,1,1,1,1,1,1,0,0,1,1,1,1,1,0,1,0,0,1,0,0,0,1,1,1,1,1,1,1,0,1,1,0,1,0,0,0,0,0,0,0,0,0,0,0,0,0,0,0,0,1,1,1,1,1,NA,NA,NA,NA,NA,NA,NA,NA,NA,NA,NA,NA,NA,1
39061005701,6,3067,17.8,8.7,10.5,28.7,0.3,0,0,13.2,12,31839,8.6,13.2,6.1,0.7,0,0,0,0,0,0,0,1,1,1,69.835,0,0,0.048,0,0,90.578,0.063,45575,17.5,7,1533469678,87.25,94.75,1261.585,1417.75,33,29,35,307.62,575,11,0,0,92,1059.72,0,0,11,149.29,61,NA,4.95,0,0,0,67.75,41,NA,NA,0,27,21,34,0,0,0,0,0,26.66666667,0,1.00775,45213,3.91E+11,6133878711,349,379,5046.34,5671,132,29,35,307.62,575,11,0,0,276,3179.16,0,0,11,149.29,61,NA,4.95,0,0,0,271,41,NA,NA,0,27,21,34,0,0,0,0,0,80,0,4.031,180852,1.56E+12,4,4,4,4,4,4,4,3,1,1,1,1,3,1,3,1,1,1,3,3,2,2,2,1,1,1,0,1,0,4,4,0,4,4,1,0,0,1,1,1,1,1,4,3,4,3,3,3,4,4,4,4,4,4,NA,NA,NA,NA,NA,NA,NA,NA,NA,NA,NA,NA,1,1
39061005702,9,4542,14.8,5.2,7.7,43.3,0,0.8,0,7.8,15.7,26270,5.8,10.3,9.5,3.1,0,0,0,0,0,0,1,0,0,1,4.691,0,0,0.002,0,0,201.812,0.094,50825,22.1,2,NA,NA,NA,NA,NA,NA,NA,NA,NA,NA,NA,NA,NA,NA,NA,NA,NA,NA,NA,NA,NA,NA,NA,NA,NA,NA,NA,NA,NA,NA,NA,NA,NA,NA,NA,NA,NA,NA,NA,NA,NA,NA,NA,NA,NA,NA,NA,NA,NA,NA,NA,NA,NA,NA,NA,NA,NA,NA,NA,NA,NA,NA,NA,NA,NA,NA,NA,NA,NA,NA,NA,NA,NA,NA,NA,NA,NA,NA,NA,NA,NA,NA,NA,NA,NA,NA,NA,NA,NA,NA,NA,NA,NA,NA,NA,NA,NA,NA,NA,NA,NA,NA,NA,NA,NA,NA,NA,NA,NA,NA,NA,NA,NA,NA,NA,NA,NA,NA,NA,NA,NA,NA,NA,NA,NA,NA,NA,NA,NA,NA,NA,NA,NA,NA,NA,NA,NA,NA,NA,NA,1,1,1,1,1,1,1,1,NA,NA,NA,NA,9,2
39061005800,6,5211,22.9,4,15.3,75.6,0,0.3,0,16.5,19.9,25114,9.6,23.8,8.9,0.4,0,1,0,0,1,0,1,1,1,1,324.557,0,0,0.134,0,0,379.627,0.157,46488,13.4,6,1576449663,825.1111111,1288.133333,73155.88444,36274,128.4444444,786.875,1278.5125,62745.88125,36388.375,118.1666667,249,43551.85,731.75,23065.31375,9,188.4725,35.5,1417.455,626.3333333,17.16666667,11.98666667,0,0,0,67.77777778,35.16666667,80,65,18.66666667,88.22222222,40.22222222,128.6,35.2,0,0,0,0,104,32.85714286,1.173166667,45213,3.91E+11,14188046963,7426,11593.2,658402.96,326466,1156,6295,10228.1,501967.05,291107,709,747,130655.55,5854,184522.51,36,753.89,213,8504.73,3758,103,71.92,0,0,0,610,211,400,195,56,794,362,643,176,0,0,0,0,728,230,10.5585,406917,3.52E+12,9,9,9,9,9,9,9,1,8,8,8,8,3,6,6,3,3,1,8,8,5,4,4,6,6,6,6,6,2,7,7,2,7,9,6,5,3,3,9,9,5,5,6,5,9,2,7,7,9,9,9,9,9,9,NA,NA,NA,NA,NA,NA,NA,NA,NA,NA,NA,NA,NA,27
39061005900,3,1230,23.2,9.9,9.3,49.8,0.2,4.5,0,17.4,23,30514,5.4,11.8,14.9,0,0,0,0,0,0,0,0,0,0,1,0,0,0,0,0,0,65.981,0.116,54917,24.7,3,1770584617,244,594.5,7345.61,17318,42,232,578.5,7092.12,16945,NA,29,2212.2,215,5133.41,0,0,NA,NA,NA,NA,NA,NA,NA,NA,73,NA,NA,NA,NA,NA,NA,NA,NA,0,NA,0,0,NA,NA,1.3124,45212,3.91E+11,1770584617,244,594.5,7345.61,17318,42,232,578.5,7092.12,16945,NA,29,2212.2,215,5133.41,0,0,NA,NA,NA,NA,NA,NA,NA,NA,73,NA,NA,NA,NA,NA,NA,NA,NA,0,NA,0,0,NA,NA,1.3124,45212,3.91E+11,1,1,1,1,1,1,1,0,1,1,1,1,1,0,0,1,1,0,1,1,0,1,1,0,0,0,0,0,1,0,0,1,0,1,0,0,0,0,0,0,0,0,1,0,1,1,0,0,1,1,1,1,1,1,NA,NA,NA,NA,NA,NA,NA,NA,NA,NA,NA,NA,NA,NA
39061006000,56,6000,17.1,5.3,10.8,54.2,1.2,3.9,0,21.1,27,22178,10.9,18.2,9.1,2.2,0,0,0,0,0,0,1,0,0,1,0,0,0,0,0,0,174.495,0.07,37271,19.6,5,1459874010,2749,3753.184615,162019.4485,101165.0769,161,2280.230769,3191.946154,128481.44,85910.92308,131.4,826.25,155907.1225,2363.583333,62763.7375,23,1197.954444,169.8,9666.637,3786.7,48.44444444,6.191,31.15384615,3737.375385,4.8,64.18181818,45.33333333,90.28571429,69.6,44.83333333,126.3333333,65,164.5,68.5,0,0,0,0,117.4545455,43.54545455,1.460236364,45216,3.91E+11,18978362130,35737,48791.4,2106252.83,1315146,1771,29643,41495.3,1670258.72,1116842,1314,6610,1247256.98,28363,753164.85,207,10781.59,1698,96666.37,37867,436,61.91,405,48585.88,48,706,408,632,348,269,1137,585,1316,137,0,0,0,0,1292,479,16.0626,587808,5.08E+12,13,13,13,13,13,13,11,0,13,13,13,13,3,10,5,8,8,1,12,12,4,9,9,10,10,10,9,10,0,13,13,3,10,11,9,7,5,6,9,9,8,2,3,7,10,2,11,11,11,13,13,13,13,13,NA,NA,NA,NA,NA,NA,NA,NA,NA,NA,NA,NA,16,46
39061006100,86,2774,29.4,9.6,14,49.2,9.2,5.1,0,17.6,5.7,15775,37.5,17,27,0.3,1,0,0,0,1,0,1,1,1,1,117.093,0,0,0.107,0,0,142.421,0.13,30727,30.1,4,1608923973,2419.5,2484.9,132308.98,60680,73,1470.5,1526.8,65729.895,37592.5,48,894,156585.09,3905,106519.87,8.5,485.525,57,453.155,806.5,8,1.185,150.5,21235.12,11.5,69,25,27,NA,NA,35,38,38,NA,0,NA,0,0,13,60,2.0851,45216,3.91E+11,3217847945,4839,4969.8,264617.96,121360,73,2941,3053.6,131459.79,75185,48,894,156585.09,3905,106519.87,17,971.05,114,906.31,1613,16,2.37,301,42470.24,23,69,25,27,NA,NA,35,38,38,NA,0,NA,0,0,13,60,2.0851,90432,7.82E+11,2,2,2,2,2,2,1,0,2,2,2,2,1,1,1,1,1,1,1,1,0,2,2,2,2,2,2,2,0,2,2,0,2,1,1,1,0,0,1,1,1,0,1,0,1,1,1,1,1,2,2,2,2,2,NA,NA,NA,NA,NA,NA,NA,NA,NA,NA,NA,NA,NA,NA
39061006300,19,3681,12.1,9.9,14.3,91.6,0,0,0,21,6.8,21703,11,15,13.6,0.4,0,0,1,0,1,0,1,0,0,1,0,0,0,0,0,0,322.481,0.194,41650,18.4,2,1204951585,404.5,524.8,21007.305,14578,65,119,138.45,3874.4,3826.5,30,61.5,12897.06,332.5,7868.505,10.5,241.74,45.5,2844.265,1003.5,21,18.025,0,0,0,53.5,69,NA,NA,0,44,21,20,11,0,0,0,0,22,77,0.87835,45237,3.91E+11,2409903170,809,1049.6,42014.61,29156,130,238,276.9,7748.8,7653,30,123,25794.12,665,15737.01,21,483.48,91,5688.53,2007,42,36.05,0,0,0,107,69,NA,NA,0,88,42,20,11,0,0,0,0,22,77,1.7567,90474,7.82E+11,2,2,2,2,2,2,2,0,2,2,2,2,1,1,0,2,2,0,2,2,0,2,2,2,2,2,2,2,1,1,1,1,1,2,1,0,0,1,2,2,1,1,2,1,2,2,1,1,2,2,2,2,2,2,NA,NA,NA,NA,NA,NA,NA,NA,NA,NA,NA,NA,1,5
39061006400,18,3141,37,25.6,19.4,96.5,0,4.6,0,30.6,3.6,15160,21.2,14.5,21.8,3.9,2,1,1,1,5,0,1,1,1,1,325.668,0,0,0.226,0,0,473.639,0.329,27553,31.6,1,1495461337,2199.75,2269.35,310883.8075,65356.5,128.3333333,822,867.4,62329.69,25509,36,1614,1016817.8,7055,222168.57,0,0,12,53.63,28,12,28.57,42.75,9444.8675,4.5,64,307,NA,NA,0,178,165,316,NA,0,0,0,0,26,154,0.930366667,45237,3.91E+11,5981845347,8799,9077.4,1243535.23,261426,385,822,867.4,62329.69,25509,36,1614,1016817.8,7055,222168.57,0,0,12,53.63,28,12,28.57,171,37779.47,18,192,307,NA,NA,0,178,165,316,NA,0,0,0,0,52,308,2.7911,180948,1.56E+12,4,4,4,4,4,4,3,3,1,1,1,1,3,1,3,1,1,3,1,1,0,4,4,1,1,1,1,1,0,4,4,0,4,3,1,0,0,1,1,1,1,0,3,2,3,2,2,2,3,4,4,4,4,4,NA,NA,NA,NA,NA,NA,NA,NA,NA,NA,NA,NA,3,9
39061006500,26,5778,26.1,10.5,15.6,53.5,0.9,3,0,10.9,18.4,24238,13.8,11.3,9.7,27.4,0,0,0,1,1,0,1,0,0,1,0,0,0,0,0,0,414.03,0.209,62294,19.3,1,1597438790,802.8571429,1134.085714,77914.15429,31738.71429,112.75,556.6,859.18,37074.392,23977.6,88,231.25,101138.25,1481.666667,41996.55667,7.333333333,129.9616667,16.83333333,251.4166667,264.6666667,11.8,4.006666667,0,0,0,69,179,63,NA,NA,53.75,59,106,31.5,0,0,0,NA,150,117,1.53745,45229,3.91E+11,11182071532,5620,7938.6,545399.08,222171,451,2783,4295.9,185371.96,119888,88,925,404553,4445,125989.67,44,779.77,101,1508.5,1588,59,24.04,0,0,0,276,179,63,NA,NA,215,236,318,63,0,0,0,NA,150,117,6.1498,316603,2.74E+12,7,7,7,7,7,7,4,2,5,5,5,5,6,1,3,4,4,4,3,3,1,6,6,6,6,6,5,6,4,3,3,4,3,4,1,1,0,0,4,4,3,2,1,1,4,0,1,1,4,7,7,7,7,7,NA,NA,NA,NA,NA,NA,NA,NA,NA,NA,NA,NA,19,9
39061006600,11,2473,57.9,16.4,18.1,73.4,0,5.1,0,48.2,40.9,11269,23.7,14.5,8,11,2,0,0,3,5,0,0,0,0,0,0,0,0,0,0,0,37.776,0.038,12813,57.1,1,NA,NA,NA,NA,NA,NA,NA,NA,NA,NA,NA,NA,NA,NA,NA,NA,NA,NA,NA,NA,NA,NA,NA,NA,NA,NA,NA,NA,NA,NA,NA,NA,NA,NA,NA,NA,NA,NA,NA,NA,NA,NA,NA,NA,NA,NA,NA,NA,NA,NA,NA,NA,NA,NA,NA,NA,NA,NA,NA,NA,NA,NA,NA,NA,NA,NA,NA,NA,NA,NA,NA,NA,NA,NA,NA,NA,NA,NA,NA,NA,NA,NA,NA,NA,NA,NA,NA,NA,NA,NA,NA,NA,NA,NA,NA,NA,NA,NA,NA,NA,NA,NA,NA,NA,NA,NA,NA,NA,NA,NA,NA,NA,NA,NA,NA,NA,NA,NA,NA,NA,NA,NA,NA,NA,NA,NA,NA,NA,NA,NA,NA,NA,NA,NA,NA,NA,NA,NA,NA,NA,NA,NA,NA,NA,NA,NA,NA,NA,NA,NA,NA,NA,NA,NA
39061006800,20,3789,32.8,20.7,24.7,91.5,0,2.4,0,34.8,26.3,17908,20.2,14,17.7,7.3,1,1,1,2,5,0,1,0,0,1,0,0,0,0,0,0,210.519,0.121,23873,36,16,1181398930,106,106,806.5033333,588.3333333,52,50,50,388.29,305.5,25.5,0,0,150,799.54,0,0,44,211.85,171.5,30,32.37,0,0,0,64.66666667,38.5,16,NA,NA,31,21,36,27,0,0,0,0,24,40,1.0292,45229,3.91E+11,3544196790,318,318,2419.51,1765,156,100,100,776.58,611,51,0,0,150,799.54,0,0,88,423.7,343,60,64.74,0,0,0,194,77,16,NA,NA,93,63,36,27,0,0,0,0,48,80,3.0876,135687,1.17E+12,3,3,3,3,3,3,3,1,2,2,2,2,1,2,1,2,2,2,1,1,1,2,2,2,2,2,2,2,0,3,3,0,3,3,2,1,0,0,3,3,1,1,3,3,3,1,2,2,3,3,3,3,3,3,NA,NA,NA,NA,NA,NA,NA,NA,NA,NA,NA,NA,4,3
39061006900,10,2483,40.5,15.9,12.7,95.6,0,0.5,0,36.9,17.8,19192,25.4,25.8,16,0.8,1,1,1,1,4,0,0,0,0,0,0,0,0,0,0,0,32.777,0.026,17962,39.1,9,1942252812,1260,1905.9,76329.9,54655,85,879,1267,48709.68,36004,62,262,45800.26,951,29460.05,47,1069.59,69,4010.5,1960,30,5.48,16,342.83,NA,73,23,20,23,19,61,24,50,NA,NA,0,0,NA,32,53,2.7076,45220,3.91E+11,1942252812,1260,1905.9,76329.9,54655,85,879,1267,48709.68,36004,62,262,45800.26,951,29460.05,47,1069.59,69,4010.5,1960,30,5.48,16,342.83,NA,73,23,20,23,19,61,24,50,NA,NA,0,0,NA,32,53,2.7076,45220,3.91E+11,1,1,1,1,1,1,1,0,1,1,1,1,0,1,0,1,1,0,1,1,0,1,1,1,1,1,1,1,0,1,1,1,0,1,1,1,1,1,1,1,1,0,0,1,1,0,1,1,1,1,1,1,1,1,NA,NA,NA,NA,NA,NA,NA,NA,NA,NA,NA,NA,4,5
39061007000,13,2653,35.7,6.2,7.5,44.5,0,0.7,0,15.3,20.2,34214,5.9,9.4,13.1,0.8,1,0,0,0,1,0,0,0,0,1,0,0,0,0,0,0,67.16,0.057,29327,30.7,NA,1043654700,642,775.4,21699.68,21299,68,303,392.5,8115.47,11282,35,78,13104.1,549,8137.58,15,458,NA,NA,NA,NA,NA,0,0,0,64,33,17,NA,NA,40,28,36,NA,NA,0,0,NA,30,38,1.722,45220,3.91E+11,1043654700,642,775.4,21699.68,21299,68,303,392.5,8115.47,11282,35,78,13104.1,549,8137.58,15,458,NA,NA,NA,NA,NA,0,0,0,64,33,17,NA,NA,40,28,36,NA,NA,0,0,NA,30,38,1.722,45220,3.91E+11,1,1,1,1,1,1,1,0,1,1,1,1,0,1,0,1,1,0,1,1,0,1,1,0,0,0,0,0,0,1,1,0,1,1,1,1,0,0,1,1,1,0,0,1,1,0,1,1,1,1,1,1,1,1,2,2,2,2,2,2,2,2,NA,NA,NA,NA,9,1
39061007100,7,3568,14.6,1.4,6.7,21.4,0.6,0.4,0,18.3,36.4,49537,4.5,8.5,5.7,2.4,0,0,0,1,1,0,1,0,0,1,0,0,0,0,0,0,169.617,0.091,39888,16.5,NA,1892029612,102,143.9,11115.535,4262,12.5,80.5,106.05,10077.76,3158,NA,13,14664.35,146,4066.6,0,0,0,0,0,0,0,6.5,5635.025,0,68,NA,NA,NA,NA,NA,NA,14,0,0,0,0,0,NA,NA,1.4205,45220,3.91E+11,3784059223,204,287.8,22231.07,8524,25,161,212.1,20155.52,6316,NA,13,14664.35,146,4066.6,0,0,0,0,0,0,0,13,11270.05,0,136,NA,NA,NA,NA,NA,NA,14,0,0,0,0,0,NA,NA,2.841,90440,7.82E+11,2,2,2,2,2,2,2,0,2,2,2,2,2,0,1,1,1,1,1,1,1,1,1,1,1,1,1,1,0,2,2,1,1,2,0,0,0,0,0,0,1,1,2,1,2,2,0,0,2,2,2,2,2,2,1,1,1,1,1,1,1,1,NA,NA,NA,NA,11,NA
39061007200,15,2123,22.9,7.6,3.4,26.4,0.7,0,0,12.9,44.8,44324,0.4,9.5,10.4,0,0,0,0,1,1,0,0,0,0,1,0,0,0,0,0,0,56.059,0.043,38548,24.2,1,1679709011,121,162.92,6823.498,3485,42.8,147,205.8,9932.703333,4752.333333,16,35.5,7588.86,143,6737.12,0,0,15.5,122.34,85.75,10.66666667,24.17,0,0,0,69.8,11,NA,NA,0,45,12.33333333,NA,NA,0,0,0,0,NA,NA,0.9236,45220,3.91E+11,8398545057,605,814.6,34117.49,17425,214,441,617.4,29798.11,14257,16,71,15177.72,286,13474.24,0,0,62,489.36,343,32,96.68,0,0,0,349,11,NA,NA,0,135,37,NA,NA,0,0,0,0,NA,NA,4.618,226100,1.96E+12,5,5,5,5,5,5,5,2,3,3,3,3,4,1,3,2,2,3,2,2,1,4,4,4,4,4,3,4,0,5,5,0,5,5,1,0,0,1,3,3,0,0,4,5,5,1,0,0,5,5,5,5,5,5,NA,NA,NA,NA,NA,NA,NA,NA,NA,NA,NA,NA,3,1
39061007300,39,1996,29.6,15.4,17.8,66.8,0.9,1.1,1.3,18,14.5,17086,17.6,14.1,21.9,0.4,0,0,0,0,0,0,0,0,0,0,0,0,0,0,0,0,28.49,0.037,31032,29.8,7,1083770820,66,66,6159.19,1865,NA,66,66,6159.19,1865,NA,NA,NA,34,265.64,NA,NA,0,0,0,0,0,0,0,0,NA,NA,NA,NA,NA,NA,NA,NA,NA,NA,NA,NA,NA,NA,NA,NA,45232,3.91E+11,1083770820,66,66,6159.19,1865,NA,66,66,6159.19,1865,NA,NA,NA,34,265.64,NA,NA,0,0,0,0,0,0,0,0,NA,NA,NA,NA,NA,NA,NA,NA,NA,NA,NA,NA,NA,NA,NA,NA,45232,3.91E+11,1,1,1,1,1,1,0,0,1,1,1,1,1,0,1,0,0,0,1,1,1,0,0,1,1,1,1,1,0,1,1,0,1,0,0,0,0,0,0,0,0,0,0,0,0,0,0,0,0,1,1,1,1,1,NA,NA,NA,NA,NA,NA,NA,NA,NA,NA,NA,NA,NA,NA
39061007400,23,1546,29.7,13.9,13.3,34.2,0,6.6,0.5,27.7,4.7,20707,18.9,22.1,21.2,0.1,0,1,0,1,2,0,0,0,0,0,0,0,0,0,0,0,2.901,0.004,29196,37.7,3,1659498582,34,34.7,233.39,176,19,NA,NA,NA,NA,NA,NA,NA,NA,NA,NA,NA,NA,NA,NA,NA,NA,0,0,0,76,NA,NA,NA,NA,NA,NA,19,0,0,0,0,0,NA,NA,1.1055,45223,3.91E+11,1659498582,34,34.7,233.39,176,19,NA,NA,NA,NA,NA,NA,NA,NA,NA,NA,NA,NA,NA,NA,NA,NA,0,0,0,76,NA,NA,NA,NA,NA,NA,19,0,0,0,0,0,NA,NA,1.1055,45223,3.91E+11,1,1,1,1,1,1,1,1,0,0,0,0,1,0,1,0,0,1,0,0,1,0,0,0,0,0,0,0,0,1,1,0,1,1,0,0,0,0,0,0,1,1,1,1,1,1,0,0,1,1,1,1,1,1,NA,NA,NA,NA,NA,NA,NA,NA,NA,NA,NA,NA,3,4
39061007500,11,1820,28.1,12.4,7.2,35.3,0,0.6,0,9.8,32.1,29810,10.6,16.6,18.6,0.3,0,0,0,0,0,0,1,1,1,1,48.435,0,0,0.048,0,0,122.881,0.122,39500,22.6,4,1588633796,1897,1932.7,117004.45,45099,31,1897,1932.7,117004.45,45099,31,NA,NA,1380,40229.06,NA,NA,36,431.12,322,NA,1.9,64,10827.69,NA,83,0,NA,NA,16,NA,NA,NA,NA,0,0,0,0,NA,NA,2.351,45223,3.91E+11,1588633796,1897,1932.7,117004.45,45099,31,1897,1932.7,117004.45,45099,31,NA,NA,1380,40229.06,NA,NA,36,431.12,322,NA,1.9,64,10827.69,NA,83,0,NA,NA,16,NA,NA,NA,NA,0,0,0,0,NA,NA,2.351,45223,3.91E+11,1,1,1,1,1,1,1,0,1,1,1,1,0,1,1,0,0,0,1,1,1,0,0,1,1,1,0,1,0,1,1,1,0,1,1,0,0,1,0,0,0,0,1,1,1,1,0,0,1,1,1,1,1,1,NA,NA,NA,NA,NA,NA,NA,NA,NA,NA,NA,NA,NA,NA
39061007700,29,2734,71.7,31.1,34.3,97.7,2.8,2.1,0,51.3,27.4,9303,34.3,15.9,9.9,0.1,4,2,1,1,8,0,0,0,0,1,0,0,0,0,0,0,91.551,0.073,20164,64.2,89,1497870448,96,96,973.92,695,34,15,15,98.06,107,NA,0,0,96,973.92,0,0,36,213.29,101,24,37.5,0,0,0,54,NA,NA,NA,NA,22,12,NA,NA,0,0,0,0,NA,NA,1.2416,45225,3.91E+11,1497870448,96,96,973.92,695,34,15,15,98.06,107,NA,0,0,96,973.92,0,0,36,213.29,101,24,37.5,0,0,0,54,NA,NA,NA,NA,22,12,NA,NA,0,0,0,0,NA,NA,1.2416,45225,3.91E+11,1,1,1,1,1,1,1,0,1,1,1,1,1,0,0,1,1,0,1,1,0,1,1,1,1,1,1,1,0,1,1,0,1,1,0,0,0,0,1,1,0,0,1,1,1,1,0,0,1,1,1,1,1,1,NA,NA,NA,NA,NA,NA,NA,NA,NA,NA,NA,NA,NA,1
39061007800,30,2218,27.3,17.5,8.8,37.9,0.5,6.4,0,8.9,11.5,42009,15.4,10.5,20.7,0.4,1,0,0,0,1,0,0,0,0,1,0,0,0,0,0,0,23.982,0.02,36182,29.5,5,1501233618,62.66666667,64,2384.023333,1081.666667,58,37.5,39.5,455.375,608.5,23,0,0,26,636.46,0,0,0,0,0,0,0,0,0,0,60,35,NA,NA,NA,43,15,15,43,0,0,0,0,17,41,1.3469,45223,3.91E+11,4503700853,188,192,7152.07,3245,58,75,79,910.75,1217,23,0,0,26,636.46,0,0,0,0,0,0,0,0,0,0,60,35,NA,NA,NA,43,15,15,43,0,0,0,0,17,41,1.3469,135669,1.17E+12,3,3,3,3,3,3,1,1,2,2,2,2,2,1,2,1,1,2,1,1,0,3,3,1,1,1,1,1,1,2,2,1,2,1,1,0,0,0,1,1,1,1,1,1,1,1,1,1,1,3,3,3,3,3,NA,NA,NA,NA,NA,NA,NA,NA,1,1,1,1,NA,5
39061007900,11,1704,24.6,7.4,13.6,46.1,0,2.3,0,16.3,16.9,19101,11,15.3,11.1,0,0,0,0,0,0,0,1,0,0,1,38.757,0,0,0.06,0,0,114.351,0.178,36154,16.3,NA,NA,NA,NA,NA,NA,NA,NA,NA,NA,NA,NA,NA,NA,NA,NA,NA,NA,NA,NA,NA,NA,NA,NA,NA,NA,NA,NA,NA,NA,NA,NA,NA,NA,NA,NA,NA,NA,NA,NA,NA,NA,NA,NA,NA,NA,NA,NA,NA,NA,NA,NA,NA,NA,NA,NA,NA,NA,NA,NA,NA,NA,NA,NA,NA,NA,NA,NA,NA,NA,NA,NA,NA,NA,NA,NA,NA,NA,NA,NA,NA,NA,NA,NA,NA,NA,NA,NA,NA,NA,NA,NA,NA,NA,NA,NA,NA,NA,NA,NA,NA,NA,NA,NA,NA,NA,NA,NA,NA,NA,NA,NA,NA,NA,NA,NA,NA,NA,NA,NA,NA,NA,NA,NA,NA,NA,NA,NA,NA,NA,NA,NA,NA,NA,NA,NA,NA,NA,NA,NA,NA,NA,NA,NA,NA,NA,NA,NA,NA,NA,NA,NA,NA,NA,NA
39061008000,8,4901,69.1,31,50.2,91.2,1.7,1.7,0,43.6,23.7,7575,14.7,15.1,9.9,0,3,2,1,1,7,0,1,1,1,1,371.565,0,0,0.191,0,0,821.017,0.423,9851,69.7,245,1556667084,833.8,882.68,35383.744,25096,72.66666667,584.5,628.55,27542.3775,18039,32.66666667,212.3333333,31348.59667,652,12157.978,49.66666667,663.0466667,51,1609.425,1418,12.5,1.505,0,0,0,63.33333333,52.5,26,NA,NA,51,15.5,20,98,0,0,0,0,23.5,78,1.115266667,45230.4,3.91E+11,7783335418,4169,4413.4,176918.72,125480,218,2338,2514.2,110169.51,72156,98,637,94045.79,3260,60789.89,149,1989.14,102,3218.85,2836,25,3.01,0,0,0,190,105,52,NA,NA,102,31,20,98,0,0,0,0,47,156,3.3458,226152,1.96E+12,5,5,5,5,5,5,3,1,4,4,4,4,2,3,2,3,3,0,5,5,2,3,3,2,2,2,2,2,2,3,3,2,3,3,2,2,0,0,2,2,1,1,3,3,3,3,2,2,3,5,5,5,5,5,NA,NA,NA,NA,NA,NA,NA,NA,NA,NA,NA,NA,NA,8
39061008100,6,2672,20.2,13.8,16.6,90.2,2,0,0,12,26,21872,19.2,16,10.1,0.4,0,0,1,0,1,0,1,1,1,1,143.341,0,0,0.13,0,0,154.841,0.141,31976,20.2,2,1645789187,108,110,26397.21,3067,19,15,15,915.2,337.3333333,0,31.5,30138.62,123,6576.235,0,0,4,52.49,16.33333333,0,16,0,0,0,51,NA,NA,NA,NA,NA,NA,NA,NA,0,0,0,0,NA,NA,1.4393,45224,3.91E+11,4937367562,324,330,79191.63,9201,19,45,45,2745.6,1012,0,63,60277.24,246,13152.47,0,0,12,157.47,49,0,48,0,0,0,51,NA,NA,NA,NA,NA,NA,NA,NA,0,0,0,0,NA,NA,1.4393,135672,1.17E+12,3,3,3,3,3,3,1,0,3,3,3,3,2,1,1,2,2,1,2,2,0,3,3,3,3,3,2,3,1,2,2,1,2,1,0,0,0,0,0,0,0,0,1,1,1,1,0,0,1,3,3,3,3,3,NA,NA,NA,NA,NA,NA,NA,NA,NA,NA,NA,NA,18,6
39061008201,12,3975,12.1,7.8,10.9,64.1,0,0.8,0,22,10.3,24504,12.9,15.3,7.6,0.6,0,0,0,0,0,0,1,1,1,1,316.363,0,0,0.184,0,0,351.455,0.204,42303,12.3,2,1194728998,263,263,5462.82,4428,98,196,196,4345.36,3151,76,19,1628.93,244,3833.89,0,0,40,334.21,297,12,15.21,0,0,0,74,22,30,23,23,66,32,68,NA,NA,0,0,NA,64,34,1.4722,45224,3.91E+11,1194728998,263,263,5462.82,4428,98,196,196,4345.36,3151,76,19,1628.93,244,3833.89,0,0,40,334.21,297,12,15.21,0,0,0,74,22,30,23,23,66,32,68,NA,NA,0,0,NA,64,34,1.4722,45224,3.91E+11,1,1,1,1,1,1,1,0,1,1,1,1,0,1,0,1,1,0,1,1,0,1,1,1,1,1,1,1,0,1,1,0,1,1,1,1,1,1,1,1,1,0,0,1,1,0,1,1,1,1,1,1,1,1,NA,NA,NA,NA,NA,NA,NA,NA,NA,NA,NA,NA,NA,NA
39061008202,8,3432,28.6,19,6.5,63.3,0.2,0,0,28.8,23.1,20535,11.1,19.9,14.2,4.5,1,0,0,1,2,0,1,1,1,1,436.011,0,0,0.278,0,0,436.011,0.278,25886,29.5,3,1470960233,3664.666667,6380.2,205894.7133,180820.3333,236.5,5162.5,9144.8,248662.015,259601,428,850.5,168272.59,4581.5,137803.12,34,1025.233333,231.3333333,19156.00333,5860.666667,62.5,11.17,17.66666667,524.12,0,61.5,18,179,167,82,264,182,376,NA,0,0,0,0,415,31,1.1009,45224,3.91E+11,4412880700,10994,19140.6,617684.14,542461,473,10325,18289.6,497324.03,519202,428,1701,336545.18,9163,275606.24,102,3075.7,694,57468.01,17582,125,33.51,53,1572.36,0,123,18,179,167,82,264,182,376,NA,0,0,0,0,415,31,2.2018,135672,1.17E+12,3,3,3,3,3,3,2,1,2,2,2,2,2,1,1,2,2,1,2,2,0,3,3,3,3,3,2,3,0,3,3,1,2,2,1,1,1,1,1,1,1,0,1,1,2,1,1,1,2,3,3,3,3,3,NA,NA,NA,NA,NA,NA,NA,NA,NA,NA,NA,NA,5,5
39061008300,33,4480,14.2,15,12.5,59.6,3.4,2.8,0,13.6,15,31265,13.7,11.5,14,0.4,0,0,0,0,0,0,1,1,1,1,128.233,0,0,0.063,0,0,431.895,0.212,39672,12.4,3,1521287983,3674.411765,5355.25,214037.28,151526.2941,317.1470588,3348.533333,5120.896667,175493.172,145668.6333,291.3103448,920.5909091,195014.6164,3364.033333,74961.434,32.19230769,981.5430769,227.6428571,11747.73036,5174.142857,82.24,17.32357143,25.60714286,2397.076071,3.565217391,71.23529412,73.62068966,134.7142857,115.3846154,62.8,193.8235294,123.3235294,336.4090909,133.6153846,1.066666667,0,0,6,277,87.93103448,1.413823529,45239,3.91E+11,51723791425,124930,182078.5,7277267.52,5151894,10783,100456,153626.9,5264795.16,4370059,8448,20253,4290321.56,100921,2248843.02,837,25520.12,6374,328936.45,144876,2056,485.06,717,67118.13,82,2422,2135,3772,3000,1570,6590,4193,7401,1737,16,0,0,30,8033,2550,48.07,1538126,1.33E+13,34,34,34,34,34,34,34,4,30,30,30,30,5,29,12,22,22,4,30,30,8,26,26,28,28,28,25,28,6,28,28,11,23,34,29,28,26,25,34,34,22,13,15,11,33,5,29,29,34,34,34,34,34,34,NA,NA,NA,NA,NA,NA,NA,NA,NA,NA,NA,NA,27,121
39061008400,4,2066,44.6,8.8,34.4,58.2,0.2,0,0,27,18.1,19411,12.1,8.9,7.5,5.5,1,2,0,2,5,0,1,1,1,1,178.357,0,0,0.195,0,0,178.357,0.195,30500,45.9,3,NA,NA,NA,NA,NA,NA,NA,NA,NA,NA,NA,NA,NA,NA,NA,NA,NA,NA,NA,NA,NA,NA,NA,NA,NA,NA,NA,NA,NA,NA,NA,NA,NA,NA,NA,NA,NA,NA,NA,NA,NA,NA,NA,NA,NA,NA,NA,NA,NA,NA,NA,NA,NA,NA,NA,NA,NA,NA,NA,NA,NA,NA,NA,NA,NA,NA,NA,NA,NA,NA,NA,NA,NA,NA,NA,NA,NA,NA,NA,NA,NA,NA,NA,NA,NA,NA,NA,NA,NA,NA,NA,NA,NA,NA,NA,NA,NA,NA,NA,NA,NA,NA,NA,NA,NA,NA,NA,NA,NA,NA,NA,NA,NA,NA,NA,NA,NA,NA,NA,NA,NA,NA,NA,NA,NA,NA,NA,NA,NA,NA,NA,NA,NA,NA,NA,NA,NA,NA,NA,NA,NA,NA,NA,NA,NA,NA,NA,NA,NA,NA,NA,NA,NA,NA
39061008501,24,3350,69.7,24.8,41.9,86,1,7.8,0,25.1,59.1,11025,23.7,9.5,13.2,0.5,3,2,0,2,7,0,1,1,1,1,263.591,0,0,0.189,0,0,288.554,0.207,18114,60.4,3,NA,NA,NA,NA,NA,NA,NA,NA,NA,NA,NA,NA,NA,NA,NA,NA,NA,NA,NA,NA,NA,NA,NA,NA,NA,NA,NA,NA,NA,NA,NA,NA,NA,NA,NA,NA,NA,NA,NA,NA,NA,NA,NA,NA,NA,NA,NA,NA,NA,NA,NA,NA,NA,NA,NA,NA,NA,NA,NA,NA,NA,NA,NA,NA,NA,NA,NA,NA,NA,NA,NA,NA,NA,NA,NA,NA,NA,NA,NA,NA,NA,NA,NA,NA,NA,NA,NA,NA,NA,NA,NA,NA,NA,NA,NA,NA,NA,NA,NA,NA,NA,NA,NA,NA,NA,NA,NA,NA,NA,NA,NA,NA,NA,NA,NA,NA,NA,NA,NA,NA,NA,NA,NA,NA,NA,NA,NA,NA,NA,NA,NA,NA,NA,NA,NA,NA,NA,NA,NA,NA,1,1,1,1,1,1,1,1,NA,NA,NA,NA,1,NA
39061008502,8,1646,85.4,54.4,63.8,94.3,3.6,5.9,2.3,55,27.2,4252,34.8,16.9,10,0,4,2,1,1,8,0,1,0,0,1,0,0,0,0,0,0,402.717,0.545,8186,79.5,NA,NA,NA,NA,NA,NA,NA,NA,NA,NA,NA,NA,NA,NA,NA,NA,NA,NA,NA,NA,NA,NA,NA,NA,NA,NA,NA,NA,NA,NA,NA,NA,NA,NA,NA,NA,NA,NA,NA,NA,NA,NA,NA,NA,NA,NA,NA,NA,NA,NA,NA,NA,NA,NA,NA,NA,NA,NA,NA,NA,NA,NA,NA,NA,NA,NA,NA,NA,NA,NA,NA,NA,NA,NA,NA,NA,NA,NA,NA,NA,NA,NA,NA,NA,NA,NA,NA,NA,NA,NA,NA,NA,NA,NA,NA,NA,NA,NA,NA,NA,NA,NA,NA,NA,NA,NA,NA,NA,NA,NA,NA,NA,NA,NA,NA,NA,NA,NA,NA,NA,NA,NA,NA,NA,NA,NA,NA,NA,NA,NA,NA,NA,NA,NA,NA,NA,NA,NA,NA,NA,NA,NA,NA,NA,NA,NA,NA,NA,NA,NA,NA,NA,NA,NA,NA
39061008601,34,2545,55,36.4,29.3,90.3,0,3.5,2.3,40.3,19.8,10116,32.2,21.5,18.4,2.1,4,3,1,1,9,0,1,1,1,1,59.366,0,0,0.071,0,0,248.142,0.296,15898,56.3,31,NA,NA,NA,NA,NA,NA,NA,NA,NA,NA,NA,NA,NA,NA,NA,NA,NA,NA,NA,NA,NA,NA,NA,NA,NA,NA,NA,NA,NA,NA,NA,NA,NA,NA,NA,NA,NA,NA,NA,NA,NA,NA,NA,NA,NA,NA,NA,NA,NA,NA,NA,NA,NA,NA,NA,NA,NA,NA,NA,NA,NA,NA,NA,NA,NA,NA,NA,NA,NA,NA,NA,NA,NA,NA,NA,NA,NA,NA,NA,NA,NA,NA,NA,NA,NA,NA,NA,NA,NA,NA,NA,NA,NA,NA,NA,NA,NA,NA,NA,NA,NA,NA,NA,NA,NA,NA,NA,NA,NA,NA,NA,NA,NA,NA,NA,NA,NA,NA,NA,NA,NA,NA,NA,NA,NA,NA,NA,NA,NA,NA,NA,NA,NA,NA,NA,NA,NA,NA,NA,NA,1,1,1,1,1,1,1,1,1,1,1,1,6,24
39061008800,23,3495,52,29.8,25.6,88.1,6.1,5,0.9,35.5,31.3,12876,23,19.2,21.9,3.7,3,2,0,1,6,0,0,0,0,0,0,0,0,0,0,0,26.56,0.021,19088,54.6,6,NA,NA,NA,NA,NA,NA,NA,NA,NA,NA,NA,NA,NA,NA,NA,NA,NA,NA,NA,NA,NA,NA,NA,NA,NA,NA,NA,NA,NA,NA,NA,NA,NA,NA,NA,NA,NA,NA,NA,NA,NA,NA,NA,NA,NA,NA,NA,NA,NA,NA,NA,NA,NA,NA,NA,NA,NA,NA,NA,NA,NA,NA,NA,NA,NA,NA,NA,NA,NA,NA,NA,NA,NA,NA,NA,NA,NA,NA,NA,NA,NA,NA,NA,NA,NA,NA,NA,NA,NA,NA,NA,NA,NA,NA,NA,NA,NA,NA,NA,NA,NA,NA,NA,NA,NA,NA,NA,NA,NA,NA,NA,NA,NA,NA,NA,NA,NA,NA,NA,NA,NA,NA,NA,NA,NA,NA,NA,NA,NA,NA,NA,NA,NA,NA,NA,NA,NA,NA,NA,NA,NA,NA,NA,NA,NA,NA,NA,NA,NA,NA,NA,NA,NA,NA
39061009200,69,3877,53.8,19.3,25.7,58.7,9.3,8.4,0,29,44.5,12989,32.7,18.1,27.6,0.8,4,2,0,2,8,0,1,1,1,1,162.948,0,0,0.101,0,0,428.274,0.267,21445,52.2,26,NA,NA,NA,NA,NA,NA,NA,NA,NA,NA,NA,NA,NA,NA,NA,NA,NA,NA,NA,NA,NA,NA,NA,NA,NA,NA,NA,NA,NA,NA,NA,NA,NA,NA,NA,NA,NA,NA,NA,NA,NA,NA,NA,NA,NA,NA,NA,NA,NA,NA,NA,NA,NA,NA,NA,NA,NA,NA,NA,NA,NA,NA,NA,NA,NA,NA,NA,NA,NA,NA,NA,NA,NA,NA,NA,NA,NA,NA,NA,NA,NA,NA,NA,NA,NA,NA,NA,NA,NA,NA,NA,NA,NA,NA,NA,NA,NA,NA,NA,NA,NA,NA,NA,NA,NA,NA,NA,NA,NA,NA,NA,NA,NA,NA,NA,NA,NA,NA,NA,NA,NA,NA,NA,NA,NA,NA,NA,NA,NA,NA,NA,NA,NA,NA,NA,NA,NA,NA,NA,NA,NA,NA,NA,NA,NA,NA,NA,NA,NA,NA,NA,NA,NA,1
39061009300,64,2675,40.3,22,13.8,42.1,0.6,3.7,0,32.3,28.2,13076,30.1,14.6,24.3,10.6,4,0,0,2,6,0,1,0,0,1,5.806,0,0,0.006,0,0,275.597,0.276,26108,40.4,4,NA,NA,NA,NA,NA,NA,NA,NA,NA,NA,NA,NA,NA,NA,NA,NA,NA,NA,NA,NA,NA,NA,NA,NA,NA,NA,NA,NA,NA,NA,NA,NA,NA,NA,NA,NA,NA,NA,NA,NA,NA,NA,NA,NA,NA,NA,NA,NA,NA,NA,NA,NA,NA,NA,NA,NA,NA,NA,NA,NA,NA,NA,NA,NA,NA,NA,NA,NA,NA,NA,NA,NA,NA,NA,NA,NA,NA,NA,NA,NA,NA,NA,NA,NA,NA,NA,NA,NA,NA,NA,NA,NA,NA,NA,NA,NA,NA,NA,NA,NA,NA,NA,NA,NA,NA,NA,NA,NA,NA,NA,NA,NA,NA,NA,NA,NA,NA,NA,NA,NA,NA,NA,NA,NA,NA,NA,NA,NA,NA,NA,NA,NA,NA,NA,NA,NA,NA,NA,NA,NA,NA,NA,NA,NA,NA,NA,NA,NA,NA,NA,NA,NA,NA,NA
39061009400,65,1785,61.9,22.4,39.8,49.5,1.6,11.2,2.2,31.3,1.8,8685,40.9,16.9,22.7,0.1,4,2,0,2,8,0,0,0,0,0,0,0,0,0,0,0,28.267,0.053,18852,56.3,NA,NA,NA,NA,NA,NA,NA,NA,NA,NA,NA,NA,NA,NA,NA,NA,NA,NA,NA,NA,NA,NA,NA,NA,NA,NA,NA,NA,NA,NA,NA,NA,NA,NA,NA,NA,NA,NA,NA,NA,NA,NA,NA,NA,NA,NA,NA,NA,NA,NA,NA,NA,NA,NA,NA,NA,NA,NA,NA,NA,NA,NA,NA,NA,NA,NA,NA,NA,NA,NA,NA,NA,NA,NA,NA,NA,NA,NA,NA,NA,NA,NA,NA,NA,NA,NA,NA,NA,NA,NA,NA,NA,NA,NA,NA,NA,NA,NA,NA,NA,NA,NA,NA,NA,NA,NA,NA,NA,NA,NA,NA,NA,NA,NA,NA,NA,NA,NA,NA,NA,NA,NA,NA,NA,NA,NA,NA,NA,NA,NA,NA,NA,NA,NA,NA,NA,NA,NA,NA,NA,NA,NA,NA,NA,NA,NA,NA,NA,NA,NA,NA,NA,NA,NA,NA
39061009500,86,2479,38.7,10.7,26.1,57.1,7,6.4,0,29.9,7.8,12344,24.7,20,22.5,0.2,2,2,0,1,5,0,0,0,0,0,0,0,0,0,0,0,0,0,33157,31.8,1,NA,NA,NA,NA,NA,NA,NA,NA,NA,NA,NA,NA,NA,NA,NA,NA,NA,NA,NA,NA,NA,NA,NA,NA,NA,NA,NA,NA,NA,NA,NA,NA,NA,NA,NA,NA,NA,NA,NA,NA,NA,NA,NA,NA,NA,NA,NA,NA,NA,NA,NA,NA,NA,NA,NA,NA,NA,NA,NA,NA,NA,NA,NA,NA,NA,NA,NA,NA,NA,NA,NA,NA,NA,NA,NA,NA,NA,NA,NA,NA,NA,NA,NA,NA,NA,NA,NA,NA,NA,NA,NA,NA,NA,NA,NA,NA,NA,NA,NA,NA,NA,NA,NA,NA,NA,NA,NA,NA,NA,NA,NA,NA,NA,NA,NA,NA,NA,NA,NA,NA,NA,NA,NA,NA,NA,NA,NA,NA,NA,NA,NA,NA,NA,NA,NA,NA,NA,NA,NA,NA,NA,NA,NA,NA,NA,NA,NA,NA,NA,NA,NA,NA,NA,3
39061009600,69,3982,32.3,16.9,13.2,39,4.2,3.3,0,23,17.1,22162,22.4,15.7,17.7,2.6,0,0,0,1,1,0,1,0,0,1,14.478,0,0,0.008,0,0,402.972,0.214,33507,34.5,1,1245226448,17,23,300.35,628,NA,17,23,300.35,628,NA,NA,NA,NA,NA,0,0,0,0,0,0,0,0,0,0,NA,NA,NA,NA,NA,NA,NA,NA,NA,NA,NA,NA,NA,NA,NA,NA,45204,3.91E+11,1245226448,17,23,300.35,628,NA,17,23,300.35,628,NA,NA,NA,NA,NA,0,0,0,0,0,0,0,0,0,0,NA,NA,NA,NA,NA,NA,NA,NA,NA,NA,NA,NA,NA,NA,NA,NA,45204,3.91E+11,1,1,1,1,1,1,0,0,1,1,1,1,1,0,1,0,0,1,0,0,0,1,1,1,1,1,1,1,0,1,1,0,1,0,0,0,0,0,0,0,0,0,0,0,0,0,0,0,0,1,1,1,1,1,NA,NA,NA,NA,NA,NA,NA,NA,1,1,1,1,1,NA
39061009700,92,6160,43.6,11.1,19.7,42.7,6.8,5.1,0,30.6,10.1,12422,28.4,16.8,18.9,0.4,2,2,0,1,5,0,1,0,0,1,0,0,0,0,0,0,193.571,0.096,28672,44.1,10,NA,NA,NA,NA,NA,NA,NA,NA,NA,NA,NA,NA,NA,NA,NA,NA,NA,NA,NA,NA,NA,NA,NA,NA,NA,NA,NA,NA,NA,NA,NA,NA,NA,NA,NA,NA,NA,NA,NA,NA,NA,NA,NA,NA,NA,NA,NA,NA,NA,NA,NA,NA,NA,NA,NA,NA,NA,NA,NA,NA,NA,NA,NA,NA,NA,NA,NA,NA,NA,NA,NA,NA,NA,NA,NA,NA,NA,NA,NA,NA,NA,NA,NA,NA,NA,NA,NA,NA,NA,NA,NA,NA,NA,NA,NA,NA,NA,NA,NA,NA,NA,NA,NA,NA,NA,NA,NA,NA,NA,NA,NA,NA,NA,NA,NA,NA,NA,NA,NA,NA,NA,NA,NA,NA,NA,NA,NA,NA,NA,NA,NA,NA,NA,NA,NA,NA,NA,NA,NA,NA,NA,NA,NA,NA,NA,NA,NA,NA,NA,NA,NA,NA,NA,NA
39061009800,30,2308,47.4,19.9,25,56.6,1.7,3.9,0.5,27.8,41.5,14250,23.7,17.5,20.6,4,3,2,0,2,7,0,1,0,0,1,0,0,0,0,0,0,132.808,0.175,25658,48.1,7,NA,NA,NA,NA,NA,NA,NA,NA,NA,NA,NA,NA,NA,NA,NA,NA,NA,NA,NA,NA,NA,NA,NA,NA,NA,NA,NA,NA,NA,NA,NA,NA,NA,NA,NA,NA,NA,NA,NA,NA,NA,NA,NA,NA,NA,NA,NA,NA,NA,NA,NA,NA,NA,NA,NA,NA,NA,NA,NA,NA,NA,NA,NA,NA,NA,NA,NA,NA,NA,NA,NA,NA,NA,NA,NA,NA,NA,NA,NA,NA,NA,NA,NA,NA,NA,NA,NA,NA,NA,NA,NA,NA,NA,NA,NA,NA,NA,NA,NA,NA,NA,NA,NA,NA,NA,NA,NA,NA,NA,NA,NA,NA,NA,NA,NA,NA,NA,NA,NA,NA,NA,NA,NA,NA,NA,NA,NA,NA,NA,NA,NA,NA,NA,NA,NA,NA,NA,NA,NA,NA,NA,NA,NA,NA,NA,NA,NA,NA,NA,NA,NA,NA,NA,NA
39061009901,19,4161,12.8,9.5,15.9,14.7,0.5,0,0,10.8,10.4,23397,12.8,9.2,14,0,0,0,0,0,0,0,0,0,0,1,1.47,0,0,0.001,0,0,52.653,0.029,54414,10.8,4,NA,NA,NA,NA,NA,NA,NA,NA,NA,NA,NA,NA,NA,NA,NA,NA,NA,NA,NA,NA,NA,NA,NA,NA,NA,NA,NA,NA,NA,NA,NA,NA,NA,NA,NA,NA,NA,NA,NA,NA,NA,NA,NA,NA,NA,NA,NA,NA,NA,NA,NA,NA,NA,NA,NA,NA,NA,NA,NA,NA,NA,NA,NA,NA,NA,NA,NA,NA,NA,NA,NA,NA,NA,NA,NA,NA,NA,NA,NA,NA,NA,NA,NA,NA,NA,NA,NA,NA,NA,NA,NA,NA,NA,NA,NA,NA,NA,NA,NA,NA,NA,NA,NA,NA,NA,NA,NA,NA,NA,NA,NA,NA,NA,NA,NA,NA,NA,NA,NA,NA,NA,NA,NA,NA,NA,NA,NA,NA,NA,NA,NA,NA,NA,NA,NA,NA,NA,NA,NA,NA,NA,NA,NA,NA,NA,NA,NA,NA,NA,NA,NA,NA,NA,NA
39061009902,53,3438,29.8,9.6,14.4,25.4,0,5.1,0,19.8,13.2,20565,19.2,14.9,17.9,0.3,0,0,0,0,0,0,0,0,0,1,0,0,0,0,0,0,62.845,0.042,34716,34.2,2,NA,NA,NA,NA,NA,NA,NA,NA,NA,NA,NA,NA,NA,NA,NA,NA,NA,NA,NA,NA,NA,NA,NA,NA,NA,NA,NA,NA,NA,NA,NA,NA,NA,NA,NA,NA,NA,NA,NA,NA,NA,NA,NA,NA,NA,NA,NA,NA,NA,NA,NA,NA,NA,NA,NA,NA,NA,NA,NA,NA,NA,NA,NA,NA,NA,NA,NA,NA,NA,NA,NA,NA,NA,NA,NA,NA,NA,NA,NA,NA,NA,NA,NA,NA,NA,NA,NA,NA,NA,NA,NA,NA,NA,NA,NA,NA,NA,NA,NA,NA,NA,NA,NA,NA,NA,NA,NA,NA,NA,NA,NA,NA,NA,NA,NA,NA,NA,NA,NA,NA,NA,NA,NA,NA,NA,NA,NA,NA,NA,NA,NA,NA,NA,NA,NA,NA,NA,NA,NA,NA,NA,NA,NA,NA,NA,NA,NA,NA,NA,NA,NA,NA,NA,NA
39061010002,32,5613,31.7,26.3,22.9,79.8,0,1.7,0,25.6,37.7,15371,15.9,18.7,19.7,0.3,1,1,0,2,4,0,1,0,0,1,3.185,0,0,0.001,0,0,249.04,0.102,26507,32.7,9,NA,NA,NA,NA,NA,NA,NA,NA,NA,NA,NA,NA,NA,NA,NA,NA,NA,NA,NA,NA,NA,NA,NA,NA,NA,NA,NA,NA,NA,NA,NA,NA,NA,NA,NA,NA,NA,NA,NA,NA,NA,NA,NA,NA,NA,NA,NA,NA,NA,NA,NA,NA,NA,NA,NA,NA,NA,NA,NA,NA,NA,NA,NA,NA,NA,NA,NA,NA,NA,NA,NA,NA,NA,NA,NA,NA,NA,NA,NA,NA,NA,NA,NA,NA,NA,NA,NA,NA,NA,NA,NA,NA,NA,NA,NA,NA,NA,NA,NA,NA,NA,NA,NA,NA,NA,NA,NA,NA,NA,NA,NA,NA,NA,NA,NA,NA,NA,NA,NA,NA,NA,NA,NA,NA,NA,NA,NA,NA,NA,NA,NA,NA,NA,NA,NA,NA,NA,NA,NA,NA,NA,NA,NA,NA,NA,NA,NA,NA,NA,NA,NA,NA,NA,1
39061010003,22,4446,27.9,17.5,13,67.9,3.3,2.3,0,18.2,40.7,21499,15.6,16.6,22,4.5,1,0,0,1,2,0,1,0,0,1,0,0,0,0,0,0,224.65,0.129,37740,26.5,2,1801239892,137,167.3,4058.26,4715,12,42,69.6,1613.79,2002,NA,NA,NA,111,1477.56,NA,NA,NA,NA,NA,NA,NA,0,0,0,63,NA,NA,NA,NA,NA,NA,NA,NA,0,0,0,NA,NA,NA,1.4543,45211,3.91E+11,1801239892,137,167.3,4058.26,4715,12,42,69.6,1613.79,2002,NA,NA,NA,111,1477.56,NA,NA,NA,NA,NA,NA,NA,0,0,0,63,NA,NA,NA,NA,NA,NA,NA,NA,0,0,0,NA,NA,NA,1.4543,45211,3.91E+11,1,1,1,1,1,1,1,0,1,1,1,1,1,0,1,0,0,0,1,1,1,0,0,0,0,0,0,0,0,1,1,0,1,1,0,0,0,0,0,0,0,0,1,1,1,0,0,0,1,1,1,1,1,1,NA,NA,NA,NA,NA,NA,NA,NA,NA,NA,NA,NA,4,NA
39061010004,14,5180,29.7,18,19.6,82.2,5.4,2.8,0.6,15.2,80.8,16476,16.5,12.4,22.2,2.6,1,1,0,1,3,0,1,0,0,1,0,0,0,0,0,0,102.787,0.048,29301,20.7,2,NA,NA,NA,NA,NA,NA,NA,NA,NA,NA,NA,NA,NA,NA,NA,NA,NA,NA,NA,NA,NA,NA,NA,NA,NA,NA,NA,NA,NA,NA,NA,NA,NA,NA,NA,NA,NA,NA,NA,NA,NA,NA,NA,NA,NA,NA,NA,NA,NA,NA,NA,NA,NA,NA,NA,NA,NA,NA,NA,NA,NA,NA,NA,NA,NA,NA,NA,NA,NA,NA,NA,NA,NA,NA,NA,NA,NA,NA,NA,NA,NA,NA,NA,NA,NA,NA,NA,NA,NA,NA,NA,NA,NA,NA,NA,NA,NA,NA,NA,NA,NA,NA,NA,NA,NA,NA,NA,NA,NA,NA,NA,NA,NA,NA,NA,NA,NA,NA,NA,NA,NA,NA,NA,NA,NA,NA,NA,NA,NA,NA,NA,NA,NA,NA,NA,NA,NA,NA,NA,NA,NA,NA,NA,NA,NA,NA,NA,NA,NA,NA,NA,NA,1,NA
39061010005,10,1772,22,13.1,23.3,46.2,0.8,0,0,6,0,17947,20.4,7.8,9.1,0,0,2,0,0,2,0,0,0,0,1,0,0,0,0,0,0,38.167,0.068,41912,22.8,NA,1514005370,221.8,242.9,10533.11,6149,50.75,70.5,93,1968.13,2585,16,102,21558.095,274,2780.06,11.33333333,178.33,0,0,0,0,0,0,0,0,68.25,82,NA,NA,0,44.5,34,51,0,0,0,0,0,31.5,19.25,0.925525,45238,3.91E+11,7570026851,1109,1214.5,52665.55,30745,203,141,186,3936.26,5170,16,204,43116.19,822,8340.18,34,534.99,0,0,0,0,0,0,0,0,273,82,NA,NA,0,89,68,51,0,0,0,0,0,126,77,3.7021,226190,1.96E+12,5,5,5,5,5,5,4,3,2,2,2,2,4,1,3,2,2,2,3,3,2,3,3,1,1,1,1,1,0,5,5,0,5,4,1,0,0,1,2,2,1,1,3,2,3,2,4,4,4,5,5,5,5,5,NA,NA,NA,NA,NA,NA,NA,NA,NA,NA,NA,NA,3,7
39061010100,41,5128,28.6,12.4,21.9,49.6,1.3,0.8,0.5,15.7,35,19963,14,16.5,14.4,1.8,0,1,0,1,2,0,1,0,0,1,25.134,0,0,0.012,0,0,300.219,0.138,36868,29.8,NA,1515503195,8950.75,10184.475,474221.8225,265606.75,267,5107,5911.4,259744.995,147871,142.5,1702.5,299794.21,7188.5,172771.9225,59.75,1655.69,931,25436.195,20650.5,128,5.21,240.5,29454.14,36.66666667,66.75,124.5,111.6666667,56,36.5,215,134,229.5,33.33333333,0,0,0,0,125.75,141.25,1.2417,45211,3.91E+11,6062012781,35803,40737.9,1896887.29,1062427,1068,20428,23645.6,1038979.98,591484,570,6810,1199176.84,28754,691087.69,239,6622.76,1862,50872.39,41301,256,10.42,962,117816.56,110,267,498,335,112,73,645,402,918,100,0,0,0,0,503,565,4.9668,180844,1.56E+12,4,4,4,4,4,4,4,0,4,4,4,4,0,4,0,4,4,0,4,4,0,4,4,2,2,2,2,2,0,4,4,1,3,4,4,3,2,2,3,3,4,3,1,3,4,1,4,4,4,4,4,4,4,4,NA,NA,NA,NA,NA,NA,NA,NA,NA,NA,NA,NA,16,NA
39061010201,71,5391,23.8,15.4,16.2,30.1,0,2.8,0,20.1,20.7,23467,12.4,20.4,13.9,0.1,0,0,0,0,0,0,1,0,0,1,0,0,0,0,0,0,202.647,0.076,29744,18.8,NA,1527894018,3240.68,4500.088,205687.5008,120987.56,337.4090909,3032.454545,4337.990909,183046.9455,116800.6818,353.1764706,852.8421053,181211.4926,3356.052632,87292.49158,28.26086957,1323.003043,324.3157895,15583.44737,6757.789474,64.36842105,12.00684211,66.52380952,5355.093333,9.647058824,69.90909091,70.64705882,195.4666667,147.3571429,69.07142857,245.2105263,141.5789474,410.9375,22.27272727,0,2.166666667,0,0,319.1111111,84,1.274904545,45223.56,3.91E+11,38197350459,81017,112502.2,5142187.52,3024689,7423,66714,95435.8,4027032.8,2569615,6004,16204,3443018.36,63765,1658557.34,650,30429.07,6162,296085.5,128398,1223,228.13,1397,112456.96,164,1538,1201,2932,2063,967,4659,2690,6575,245,0,13,0,0,5744,1512,28.0479,1130589,9.78E+12,25,25,25,25,25,25,22,3,22,22,22,22,8,17,6,19,19,6,19,19,2,23,23,19,19,19,19,19,4,21,21,8,17,22,17,15,14,14,19,19,16,11,7,6,20,5,18,18,22,25,25,25,25,25,2,2,2,2,2,2,2,2,NA,NA,NA,NA,24,56
39061010202,24,2496,14.2,14.1,8.6,36.6,0,0,0,11,10.3,25978,8.2,10.1,13.5,0.4,0,0,0,0,0,0,0,0,0,1,0,0,0,0,0,0,42.426,0.038,49615,15.4,NA,NA,NA,NA,NA,NA,NA,NA,NA,NA,NA,NA,NA,NA,NA,NA,NA,NA,NA,NA,NA,NA,NA,NA,NA,NA,NA,NA,NA,NA,NA,NA,NA,NA,NA,NA,NA,NA,NA,NA,NA,NA,NA,NA,NA,NA,NA,NA,NA,NA,NA,NA,NA,NA,NA,NA,NA,NA,NA,NA,NA,NA,NA,NA,NA,NA,NA,NA,NA,NA,NA,NA,NA,NA,NA,NA,NA,NA,NA,NA,NA,NA,NA,NA,NA,NA,NA,NA,NA,NA,NA,NA,NA,NA,NA,NA,NA,NA,NA,NA,NA,NA,NA,NA,NA,NA,NA,NA,NA,NA,NA,NA,NA,NA,NA,NA,NA,NA,NA,NA,NA,NA,NA,NA,NA,NA,NA,NA,NA,NA,NA,NA,NA,NA,NA,NA,NA,NA,NA,NA,NA,NA,NA,NA,NA,NA,NA,NA,NA,NA,NA,NA,NA,NA,NA
39061010300,34,1831,49.1,24.8,25.2,39.2,0,10,0,22.2,16.4,10805,29.7,12,14.5,3.8,3,2,0,1,6,0,0,1,1,1,37.961,0,0,0.066,0,0,43.947,0.077,23468,51.9,NA,NA,NA,NA,NA,NA,NA,NA,NA,NA,NA,NA,NA,NA,NA,NA,NA,NA,NA,NA,NA,NA,NA,NA,NA,NA,NA,NA,NA,NA,NA,NA,NA,NA,NA,NA,NA,NA,NA,NA,NA,NA,NA,NA,NA,NA,NA,NA,NA,NA,NA,NA,NA,NA,NA,NA,NA,NA,NA,NA,NA,NA,NA,NA,NA,NA,NA,NA,NA,NA,NA,NA,NA,NA,NA,NA,NA,NA,NA,NA,NA,NA,NA,NA,NA,NA,NA,NA,NA,NA,NA,NA,NA,NA,NA,NA,NA,NA,NA,NA,NA,NA,NA,NA,NA,NA,NA,NA,NA,NA,NA,NA,NA,NA,NA,NA,NA,NA,NA,NA,NA,NA,NA,NA,NA,NA,NA,NA,NA,NA,NA,NA,NA,NA,NA,NA,NA,NA,NA,NA,NA,NA,NA,NA,NA,NA,NA,NA,NA,NA,NA,NA,NA,NA,NA
39061010400,17,1099,12.9,8.4,12.1,5.8,0,1.1,0,14.8,35.1,24742,8,18.7,14.6,0.1,0,0,0,1,1,0,1,1,1,1,94.628,0,0,0.149,0,0,121.728,0.191,39801,8.7,2,NA,NA,NA,NA,NA,NA,NA,NA,NA,NA,NA,NA,NA,NA,NA,NA,NA,NA,NA,NA,NA,NA,NA,NA,NA,NA,NA,NA,NA,NA,NA,NA,NA,NA,NA,NA,NA,NA,NA,NA,NA,NA,NA,NA,NA,NA,NA,NA,NA,NA,NA,NA,NA,NA,NA,NA,NA,NA,NA,NA,NA,NA,NA,NA,NA,NA,NA,NA,NA,NA,NA,NA,NA,NA,NA,NA,NA,NA,NA,NA,NA,NA,NA,NA,NA,NA,NA,NA,NA,NA,NA,NA,NA,NA,NA,NA,NA,NA,NA,NA,NA,NA,NA,NA,NA,NA,NA,NA,NA,NA,NA,NA,NA,NA,NA,NA,NA,NA,NA,NA,NA,NA,NA,NA,NA,NA,NA,NA,NA,NA,NA,NA,NA,NA,NA,NA,NA,NA,NA,NA,NA,NA,NA,NA,NA,NA,NA,NA,NA,NA,NA,NA,NA,NA
39061010500,12,1414,28.7,14.2,12.9,15,0,0,0,16.4,10.9,21412,17.7,13.2,11.5,0,0,0,0,0,0,0,1,1,1,1,112.839,0,0,0.19,0,0,112.839,0.19,35526,24.4,1,NA,NA,NA,NA,NA,NA,NA,NA,NA,NA,NA,NA,NA,NA,NA,NA,NA,NA,NA,NA,NA,NA,NA,NA,NA,NA,NA,NA,NA,NA,NA,NA,NA,NA,NA,NA,NA,NA,NA,NA,NA,NA,NA,NA,NA,NA,NA,NA,NA,NA,NA,NA,NA,NA,NA,NA,NA,NA,NA,NA,NA,NA,NA,NA,NA,NA,NA,NA,NA,NA,NA,NA,NA,NA,NA,NA,NA,NA,NA,NA,NA,NA,NA,NA,NA,NA,NA,NA,NA,NA,NA,NA,NA,NA,NA,NA,NA,NA,NA,NA,NA,NA,NA,NA,NA,NA,NA,NA,NA,NA,NA,NA,NA,NA,NA,NA,NA,NA,NA,NA,NA,NA,NA,NA,NA,NA,NA,NA,NA,NA,NA,NA,NA,NA,NA,NA,NA,NA,NA,NA,NA,NA,NA,NA,NA,NA,NA,NA,NA,NA,NA,NA,NA,NA
39061010600,7,1435,11.9,8.2,8.3,4.7,0,0,0,5.3,0,25046,6.9,9.8,8.6,0.3,0,0,0,0,0,0,0,1,1,1,8.092,0,0,0.015,0,0,8.092,0.015,56290,10.8,1,NA,NA,NA,NA,NA,NA,NA,NA,NA,NA,NA,NA,NA,NA,NA,NA,NA,NA,NA,NA,NA,NA,NA,NA,NA,NA,NA,NA,NA,NA,NA,NA,NA,NA,NA,NA,NA,NA,NA,NA,NA,NA,NA,NA,NA,NA,NA,NA,NA,NA,NA,NA,NA,NA,NA,NA,NA,NA,NA,NA,NA,NA,NA,NA,NA,NA,NA,NA,NA,NA,NA,NA,NA,NA,NA,NA,NA,NA,NA,NA,NA,NA,NA,NA,NA,NA,NA,NA,NA,NA,NA,NA,NA,NA,NA,NA,NA,NA,NA,NA,NA,NA,NA,NA,NA,NA,NA,NA,NA,NA,NA,NA,NA,NA,NA,NA,NA,NA,NA,NA,NA,NA,NA,NA,NA,NA,NA,NA,NA,NA,NA,NA,NA,NA,NA,NA,NA,NA,NA,NA,NA,NA,NA,NA,NA,NA,NA,NA,NA,NA,NA,NA,NA,NA
39061010700,18,1717,16.2,11.2,8.6,15.6,0.5,0,0,7.2,6.1,23351,12,15.1,11.2,0,0,0,0,0,0,0,0,0,0,1,0,0,0,0,0,0,9.922,0.014,50575,14.9,3,1622164684,1592.4,1650.24,73211.784,37127.8,119,2040.666667,2130.466667,80519.43333,47815.5,142,766.5,106870.2125,2516.6,56318.65,17,751.44,112.4285714,2230.217143,1495.714286,15.71428571,2.33,33.4,5280.365,4,71,40,53.33333333,67.5,57,111.3333333,70.66666667,145.6666667,NA,0,0,0,0,88.33333333,93.66666667,1.4539,45238,3.91E+11,16221646840,15924,16502.4,732117.84,371278,595,12244,12782.8,483116.6,286893,426,3066,427480.85,12583,281593.25,136,6011.52,787,15611.52,10470,110,16.31,334,52803.65,40,355,120,160,135,114,334,212,437,NA,0,0,0,0,265,281,7.2695,452380,3.91E+12,10,10,10,10,10,10,5,4,6,6,6,6,7,3,6,4,4,5,5,5,2,8,8,7,7,7,7,7,0,10,10,0,10,5,3,3,2,2,3,3,3,0,4,3,4,1,3,3,5,10,10,10,10,10,NA,NA,NA,NA,NA,NA,NA,NA,NA,NA,NA,NA,NA,NA
39061010900,35,2570,18.9,21.4,12,37.7,1.1,0,0,17,17.1,17413,17.2,14,17.7,0,1,0,0,0,1,0,0,0,0,0,0,0,0,0,0,0,11.265,0.01,31453,20.3,1,1525302983,469.0421053,555.5968421,24737.96853,10799.37895,175.7473684,350.4318182,435.3454545,18355.64807,9319.636364,120.0481928,109.1,15817.12675,414.0609756,8717.00939,0.510638298,12.13680851,74.44186047,598.8556977,343.7325581,68.41666667,23.4327907,0.532467532,49.74090909,0,66.46315789,68.28915663,65.54166667,52.40677966,26.22413793,118.4494382,67.74157303,162.969697,17.57894737,0,0,0,0,120.0365854,75.5,1.385136842,45238,3.91E+11,1.45E+11,44559,52781.7,2350107.01,1025941,16696,30838,38310.4,1615297.03,820128,9964,4364,632685.07,33953,714794.77,24,570.43,6402,51501.59,29561,5747,2015.22,41,3830.05,0,6314,5668,4719,3092,1521,10542,6029,10756,334,0,0,0,0,9843,6191,131.588,4297610,3.71E+13,95,95,95,95,95,95,95,7,88,88,88,88,12,83,55,40,40,13,82,82,48,47,47,86,86,86,84,86,18,77,77,19,76,95,83,72,59,58,89,89,66,19,50,29,85,23,82,82,95,95,95,95,95,95,NA,NA,NA,NA,NA,NA,NA,NA,NA,NA,NA,NA,8,69
39061011000,23,2913,42.9,14.9,35.4,90.3,0.8,2.9,0,31.3,20.5,12999,8.5,14.1,16.6,2.4,2,2,1,1,6,0,1,0,0,1,0,0,0,0,0,0,103.688,0.091,22750,39.2,NA,1705094476,87,87,565.725,540.5,39,81,81,456.77,505,38,0,0,87,565.725,0,0,44,304.22,139,33,28.21,0,0,0,60.5,27,19,NA,NA,38,27,NA,37,0,0,0,0,27,38,0.95895,45237,3.91E+11,3410188951,174,174,1131.45,1081,78,81,81,456.77,505,38,0,0,174,1131.45,0,0,44,304.22,139,33,28.21,0,0,0,121,27,19,NA,NA,38,27,NA,37,0,0,0,0,27,38,1.9179,90474,7.82E+11,2,2,2,2,2,2,2,1,1,1,1,1,1,1,0,2,2,0,2,2,0,2,2,1,1,1,1,1,0,2,2,0,2,2,1,1,0,0,1,1,0,1,1,1,2,1,1,1,2,2,2,2,2,2,NA,NA,NA,NA,NA,NA,NA,NA,1,1,1,1,NA,NA
39061011100,6,3290,7.6,5.8,17.2,61.1,0,0,0,3.3,7.6,27539,8,14.9,5.6,2.2,0,0,0,0,0,0,0,1,1,1,11.546,0,0,0.008,0,0,27.055,0.019,53226,7.1,1,NA,NA,NA,NA,NA,NA,NA,NA,NA,NA,NA,NA,NA,NA,NA,NA,NA,NA,NA,NA,NA,NA,NA,NA,NA,NA,NA,NA,NA,NA,NA,NA,NA,NA,NA,NA,NA,NA,NA,NA,NA,NA,NA,NA,NA,NA,NA,NA,NA,NA,NA,NA,NA,NA,NA,NA,NA,NA,NA,NA,NA,NA,NA,NA,NA,NA,NA,NA,NA,NA,NA,NA,NA,NA,NA,NA,NA,NA,NA,NA,NA,NA,NA,NA,NA,NA,NA,NA,NA,NA,NA,NA,NA,NA,NA,NA,NA,NA,NA,NA,NA,NA,NA,NA,NA,NA,NA,NA,NA,NA,NA,NA,NA,NA,NA,NA,NA,NA,NA,NA,NA,NA,NA,NA,NA,NA,NA,NA,NA,NA,NA,NA,NA,NA,NA,NA,NA,NA,NA,NA,NA,NA,NA,NA,NA,NA,NA,NA,NA,NA,NA,NA,2,3
39061020811,4,6491,10.6,4.6,9.9,25.4,0.9,1.7,0,6.3,24.9,32207,11.9,11.2,11.7,0.2,0,0,0,0,0,0,0,1,1,1,14.314,0,0,0.005,0,0,68.484,0.026,43628,10,5,1514632375,1627.071429,2226.9,247028.3457,57670.75,146.5,1724.391304,2377.165217,257522.1535,61556.56522,139.7894737,570.4666667,202967.492,1469.791667,36769.35708,14.52631579,550.5373684,122,6262.257826,2141.304348,32.34782609,10.07782609,18.47368421,1940.464211,0.764705882,72.15384615,26.16666667,92.875,52.84615385,20.16666667,105.2083333,52.04166667,136.1818182,0,0,0,0,0,133.1818182,33.95454545,1.553092308,45243.57143,3.91E+11,42409706490,45558,62353.2,6916793.68,1614781,3809,39661,54674.8,5923009.53,1415801,2656,8557,3044512.38,35275,882464.57,276,10460.21,2806,144031.93,49250,744,231.79,351,36868.82,13,1876,471,1486,687,242,2525,1249,2996,0,0,0,0,0,2930,747,40.3804,1266820,1.09E+13,28,28,28,28,28,28,26,5,23,23,23,23,9,19,13,15,15,4,24,24,9,19,19,23,23,23,23,23,9,19,19,11,17,26,18,16,13,12,24,24,22,3,12,9,25,5,22,22,26,28,28,28,28,28,NA,NA,NA,NA,NA,NA,NA,NA,NA,NA,NA,NA,32,45
39061020901,3,3550,10.7,11.1,5.9,14.2,1.1,0,0,8.4,4.9,25600,11,20.6,5.4,2.1,0,1,0,0,1,0,0,0,0,1,0,0,0,0,0,0,59.375,0.039,46303,9.1,2,1498400414,3302.083333,5145.858333,187742.7992,145266.75,326.7826087,2936.086957,4759.873913,161153.5522,135243.2174,313.2105263,779.4736842,161643.1421,3135.8,68110.3565,36.86363636,1294.763182,192.9411765,7231.127059,4194.294118,55.9375,9.66,17,1005.178235,1.846153846,71.17391304,46.15789474,183.9375,167.3333333,61.07142857,205.5,135.5909091,362.0588235,23,0,0,0,0,307.3157895,52.05263158,1.051282609,45211,3.91E+11,35961609940,79250,123500.6,4505827.18,3486402,7516,67530,109477.1,3706531.7,3110594,5951,14810,3071219.7,62716,1362207.13,811,28484.79,3280,122929.16,71303,895,164.22,289,17088.03,24,1637,877,2943,2008,855,4521,2983,6155,184,0,0,0,0,5839,989,24.1795,1085064,9.38E+12,24,24,24,24,24,24,23,1,23,23,23,23,5,19,5,19,19,4,20,20,2,22,22,17,17,17,16,17,7,17,17,11,13,23,19,16,12,14,22,22,17,8,6,12,23,2,19,19,23,24,24,24,24,24,NA,NA,NA,NA,NA,NA,NA,NA,NA,NA,NA,NA,3,39
39061020902,7,5436,25.1,10.5,10.2,17.8,0.4,0,0,16.4,20.6,20783,15,22.5,11.3,1.5,0,1,0,0,1,0,0,0,0,1,0,0,0,0,0,0,92.723,0.037,34604,19.3,4,1411951345,55.66666667,58.13333333,387.065,545,39.33333333,18,18,84.48,173,16,0,0,69,491.04,0,0,0,0,0,0,0,0,0,0,75.33333333,0,NA,NA,NA,30.75,19,27.66666667,0,0,0,0,0,18.5,0,1.072883333,45211,3.91E+11,8471708071,334,348.8,2322.39,3270,236,18,18,84.48,173,16,0,0,69,491.04,0,0,0,0,0,0,0,0,0,0,452,0,NA,NA,NA,123,76,83,0,0,0,0,0,37,0,6.4373,271266,2.35E+12,6,6,6,6,6,6,6,5,1,1,1,1,5,1,3,3,3,5,1,1,4,2,2,4,4,4,4,4,0,6,6,0,6,6,1,0,0,0,4,4,3,5,5,5,6,3,2,2,6,6,6,6,6,6,NA,NA,NA,NA,NA,NA,NA,NA,NA,NA,NA,NA,4,1
39061021303,1,4826,8.7,6.8,7.2,2.3,0,0.7,0,2.9,0,28305,6.8,9.8,4.7,0.1,0,0,0,0,0,0,0,1,1,1,26.992,0,0,0.016,0,0,44.398,0.026,72340,8.8,NA,1538286526,325.6,448.4,24951.214,11452.4,112.3333333,39,40,2126.095,1032,NA,228.3333333,34386.03333,383,10005.705,0,0,0,0,0,0,0,0,0,0,74.66666667,NA,NA,NA,NA,71.66666667,40.66666667,NA,0,0,0,0,NA,225,12,0.9175,45237,3.91E+11,7691432629,1628,2242,124756.07,57262,337,78,80,4252.19,2064,NA,685,103158.1,766,20011.41,0,0,0,0,0,0,0,0,0,0,224,NA,NA,NA,NA,215,122,NA,0,0,0,0,NA,225,12,2.7525,226185,1.96E+12,5,5,5,5,5,5,3,3,2,2,2,2,5,0,2,3,3,3,2,2,3,2,2,2,2,2,2,2,1,4,4,1,4,3,0,0,0,0,3,3,0,1,3,2,2,0,1,1,3,5,5,5,5,5,NA,NA,NA,NA,NA,NA,NA,NA,NA,NA,NA,NA,NA,NA
39061021401,2,5152,16.3,9.1,14.2,9.4,0.6,0.6,0,12.2,13.1,23269,9.1,11.6,9.6,0,0,0,0,0,0,0,1,0,0,1,2.855,0,0,0.001,0,0,119.04,0.054,56875,12.4,4,1561024252,99.25,101.35,2389.005,1384,61,66,67.2,1592.86,993,55,29.33333333,1679.096667,95.33333333,1237.673333,0,0,0,0,0,0,0,0,0,0,71,18,33,NA,NA,55,21,38.33333333,0,0,0,0,0,56,17,0.85725,45238,3.91E+11,6244097009,397,405.4,9556.02,5536,244,132,134.4,3185.72,1986,55,88,5037.29,286,3713.02,0,0,0,0,0,0,0,0,0,0,284,18,33,NA,NA,165,63,115,0,0,0,0,0,56,17,3.429,180952,1.56E+12,4,4,4,4,4,4,4,2,2,2,2,2,3,1,1,3,3,1,3,3,0,4,4,4,4,4,4,4,0,4,4,0,4,4,1,1,0,0,3,3,3,2,4,4,4,2,1,1,4,4,4,4,4,4,NA,NA,NA,NA,NA,NA,NA,NA,NA,NA,NA,NA,NA,17
39061021422,1,2898,9,13.5,7.8,9.4,0,0.3,0,1.8,15.1,23324,8.3,15.1,13.7,0,0,0,0,0,0,0,0,1,1,1,0,0,0,0,0,0,23.774,0.023,65372,8.7,NA,NA,NA,NA,NA,NA,NA,NA,NA,NA,NA,NA,NA,NA,NA,NA,NA,NA,NA,NA,NA,NA,NA,NA,NA,NA,NA,NA,NA,NA,NA,NA,NA,NA,NA,NA,NA,NA,NA,NA,NA,NA,NA,NA,NA,NA,NA,NA,NA,NA,NA,NA,NA,NA,NA,NA,NA,NA,NA,NA,NA,NA,NA,NA,NA,NA,NA,NA,NA,NA,NA,NA,NA,NA,NA,NA,NA,NA,NA,NA,NA,NA,NA,NA,NA,NA,NA,NA,NA,NA,NA,NA,NA,NA,NA,NA,NA,NA,NA,NA,NA,NA,NA,NA,NA,NA,NA,NA,NA,NA,NA,NA,NA,NA,NA,NA,NA,NA,NA,NA,NA,NA,NA,NA,NA,NA,NA,NA,NA,NA,NA,NA,NA,NA,NA,NA,NA,NA,NA,NA,NA,NA,NA,NA,NA,NA,NA,NA,NA,NA,NA,NA,NA,NA,NA
39061021801,1,6253,19.4,10.9,15,50.5,0.4,1.8,0,10.6,17.3,22008,9.9,15.5,13.3,2,0,0,0,0,0,0,1,0,0,1,0,0,0,0,0,0,210.967,0.082,38525,18.5,1,1308768197,3742.25,4633.325,226460.9375,122152.75,410,3883.333333,4893.9,249179.8233,128481,346,1002.75,176361.9975,3381,60290.20667,35.66666667,868.0366667,213,3579.096667,4082.666667,41,1.853333333,18.75,512.4275,3,74,64,132.6666667,123,90.33333333,268.3333333,141.6666667,298.6666667,48,NA,0,0,NA,303,107,1.410133333,45224,3.91E+11,5235072786,14969,18533.3,905843.75,488611,1230,11650,14681.7,747539.47,385443,1038,4011,705447.99,10143,180870.62,107,2604.11,639,10737.29,12248,123,5.56,75,2049.71,12,222,192,398,369,271,805,425,896,48,NA,0,0,NA,909,321,4.2304,180896,1.56E+12,4,4,4,4,4,4,3,1,3,3,3,3,1,3,0,4,4,1,3,3,1,3,3,3,3,3,3,3,0,4,4,0,4,3,3,3,3,3,3,3,3,1,0,1,3,0,3,3,3,4,4,4,4,4,2,2,2,2,2,2,2,2,NA,NA,NA,NA,18,1
39061021802,1,3196,10.5,16.9,17.6,50.2,0,5.4,0,9.4,4.8,23460,12.1,12.7,16.7,3.1,0,0,0,0,0,0,0,0,0,1,0,0,0,0,0,0,61.406,0.048,48600,9.6,4,NA,NA,NA,NA,NA,NA,NA,NA,NA,NA,NA,NA,NA,NA,NA,NA,NA,NA,NA,NA,NA,NA,NA,NA,NA,NA,NA,NA,NA,NA,NA,NA,NA,NA,NA,NA,NA,NA,NA,NA,NA,NA,NA,NA,NA,NA,NA,NA,NA,NA,NA,NA,NA,NA,NA,NA,NA,NA,NA,NA,NA,NA,NA,NA,NA,NA,NA,NA,NA,NA,NA,NA,NA,NA,NA,NA,NA,NA,NA,NA,NA,NA,NA,NA,NA,NA,NA,NA,NA,NA,NA,NA,NA,NA,NA,NA,NA,NA,NA,NA,NA,NA,NA,NA,NA,NA,NA,NA,NA,NA,NA,NA,NA,NA,NA,NA,NA,NA,NA,NA,NA,NA,NA,NA,NA,NA,NA,NA,NA,NA,NA,NA,NA,NA,NA,NA,NA,NA,NA,NA,NA,NA,NA,NA,NA,NA,NA,NA,NA,NA,NA,NA,3,NA
39061022102,1,6476,9.8,10.2,14.9,39.9,0.2,0,0.6,3.5,6.8,26324,6.6,11.7,9.1,0.2,0,0,0,0,0,0,0,0,0,1,0,0,0,0,0,0,45.865,0.018,51471,8.8,1,1450584019,1320.137931,1393.12069,73638.84379,31467.03448,86.11111111,1372.15,1434,64864.385,31322.85,114.3333333,388.4,64704.218,1424.857143,38365.24762,7.954545455,317.7354545,85.16666667,2982.873889,1000.777778,20.625,3.54,47.55555556,4246.115185,7.192307692,72.14814815,42,46.2,53.71428571,69.83333333,80.23529412,45,144.9,6,0,0,0,0,80.92857143,55.85714286,1.244822222,45231,3.91E+11,42066936553,38284,40400.5,2135526.47,912544,2325,27443,28680,1297287.7,626457,1372,7768,1294084.36,29922,805670.2,175,6990.18,1533,53691.73,18014,330,63.72,1284,114645.11,187,1948,504,462,376,419,1364,765,1449,18,0,0,0,0,1133,782,33.6102,1311699,1.13E+13,29,29,29,29,29,29,27,9,20,20,20,20,17,12,9,20,20,8,21,21,7,22,22,18,18,18,16,18,2,27,27,3,26,27,12,10,7,6,17,17,10,3,22,19,26,16,14,14,27,29,29,29,29,29,1,1,1,1,1,1,1,1,NA,NA,NA,NA,12,1
39061022200,3,4431,6.1,2.6,2.3,30,1.1,0,0,9.5,8.5,31950,5.1,9.9,5.7,0.2,0,0,0,0,0,0,0,1,1,1,32.792,0,0,0.016,0,0,63.819,0.032,58214,6.1,3,1322139838,2034.4,2402.9,156819.822,65110.6,122.5,963.2,1226.08,70957.068,33420.2,125,850,203309.5,1860,40291.695,27,800.96,139.25,5578.7775,2858.25,24.5,15.33,11.6,1455.164,0,70.25,86,61,43,21,137,74,NA,162,0,0,0,0,100,111,1.9028,45222.2,3.91E+11,6610699191,10172,12014.5,784099.11,325553,490,4816,6130.4,354785.34,167101,250,2550,609928.5,7440,161166.78,108,3203.84,557,22315.11,11433,98,61.32,58,7275.82,0,281,172,122,86,42,274,148,NA,162,0,0,0,0,200,222,7.6112,226111,1.96E+12,5,5,5,5,5,5,4,0,5,5,5,5,3,2,2,3,3,1,4,4,1,4,4,4,4,4,4,4,0,5,5,1,4,4,2,2,2,2,2,2,0,1,3,3,4,2,2,2,4,5,5,5,5,5,NA,NA,NA,NA,NA,NA,NA,NA,NA,NA,NA,NA,1,4
39061023400,3,3601,19.2,5.5,14.2,80.2,1,0.6,0,14.4,3.7,19839,8.1,9.2,7,0,0,0,0,0,0,0,1,0,0,1,1.761,0,0,0.001,0,0,162.144,0.1,35191,21.6,4,NA,NA,NA,NA,NA,NA,NA,NA,NA,NA,NA,NA,NA,NA,NA,NA,NA,NA,NA,NA,NA,NA,NA,NA,NA,NA,NA,NA,NA,NA,NA,NA,NA,NA,NA,NA,NA,NA,NA,NA,NA,NA,NA,NA,NA,NA,NA,NA,NA,NA,NA,NA,NA,NA,NA,NA,NA,NA,NA,NA,NA,NA,NA,NA,NA,NA,NA,NA,NA,NA,NA,NA,NA,NA,NA,NA,NA,NA,NA,NA,NA,NA,NA,NA,NA,NA,NA,NA,NA,NA,NA,NA,NA,NA,NA,NA,NA,NA,NA,NA,NA,NA,NA,NA,NA,NA,NA,NA,NA,NA,NA,NA,NA,NA,NA,NA,NA,NA,NA,NA,NA,NA,NA,NA,NA,NA,NA,NA,NA,NA,NA,NA,NA,NA,NA,NA,NA,NA,NA,NA,NA,NA,NA,NA,NA,NA,NA,NA,NA,NA,NA,NA,1,NA
39061023800,1,5200,13.4,8.5,6.8,54.9,1.3,0.7,1.3,9.8,16.4,29299,6.1,12.7,13.8,2.2,0,0,0,0,0,0,1,1,1,1,199.363,0,0,0.078,0,0,293.399,0.115,37857,14.9,3,1435017492,40,53.55,3641.0125,1176,15,55.5,82.6,6534.305,2143.5,22,23,5708.01,45.5,885.61,0,0,0,0,0,0,0,0,0,0,69.33333333,0,NA,NA,NA,NA,NA,NA,NA,0,0,0,0,NA,NA,0.9423,45236,3.91E+11,5740069966,160,214.2,14564.05,4704,45,111,165.2,13068.61,4287,22,46,11416.02,91,1771.22,0,0,0,0,0,0,0,0,0,0,208,0,NA,NA,NA,NA,NA,NA,NA,0,0,0,0,NA,NA,2.8269,180944,1.56E+12,4,4,4,4,4,4,3,2,2,2,2,2,3,1,2,2,2,2,2,2,0,4,4,4,4,4,4,4,1,3,3,1,3,3,1,0,0,0,0,0,0,0,3,3,3,2,0,0,3,4,4,4,4,4,NA,NA,NA,NA,NA,NA,NA,NA,NA,NA,NA,NA,NA,10
39061024200,3,2604,10.5,7.6,4.4,26.3,0.9,0.5,0,4.6,20.9,40754,4.7,10.3,5.9,5.1,0,0,0,1,1,0,0,1,1,1,19.846,0,0,0.022,0,0,23.758,0.027,91125,8.6,NA,1487818782,44,45,2009.055,607,30.5,49,49,2984.38,617,NA,30,2808.27,32,665.62,0,0,0,0,0,0,0,0,0,0,61,NA,NA,NA,NA,24,6.5,NA,NA,0,0,0,0,NA,NA,0.809,45235,3.91E+11,2975637564,88,90,4018.11,1214,61,49,49,2984.38,617,NA,30,2808.27,32,665.62,0,0,0,0,0,0,0,0,0,0,122,NA,NA,NA,NA,48,13,NA,NA,0,0,0,0,NA,NA,1.618,90470,7.82E+11,2,2,2,2,2,2,2,1,1,1,1,1,2,0,1,1,1,1,1,1,0,2,2,1,1,1,1,1,0,2,2,0,2,2,0,0,0,0,2,2,0,0,2,2,2,2,0,0,2,2,2,2,2,2,NA,NA,NA,NA,NA,NA,NA,NA,NA,NA,NA,NA,NA,NA
39061025102,1,7719,8.9,6.2,7.1,7.1,1.5,1.4,0,5.1,7.6,31575,4.3,7.9,5.6,0.1,0,0,0,0,0,0,0,1,1,1,0.187,0,0,0,0,0,79.729,0.029,79886,5.3,2,1489988812,502.1578947,669.1368421,28188.64947,17645.42105,76.42105263,473,716.4454545,27327.30273,19663.90909,81,184.1111111,35978.16778,590.75,15013.57833,5.375,347.66375,49.41666667,1269.599167,813.8333333,21.58333333,16.67083333,2.944444444,548.4011111,0,68.68421053,32.66666667,54.25,53,25,52.05555556,27.61111111,69,0,0,0,0,0,72.54545455,26,1.136589474,45255,3.91E+11,28309787429,9541,12713.6,535584.34,335263,1452,5203,7880.9,300600.33,216303,729,1657,323803.51,7089,180162.94,86,5562.62,593,15235.19,9766,259,200.05,53,9871.22,0,1305,294,434,53,25,937,497,276,0,0,0,0,0,798,286,21.5952,859845,7.43E+12,19,19,19,19,19,19,19,8,11,11,11,11,10,9,10,9,9,7,12,12,3,16,16,12,12,12,12,12,1,18,18,3,16,19,9,8,1,1,18,18,4,3,13,10,18,9,11,11,19,19,19,19,19,19,NA,NA,NA,NA,NA,NA,NA,NA,NA,NA,NA,NA,11,5
39061025104,2,2061,3.1,3.2,2.6,4.8,0,0.8,1,0,0,70704,2.7,4.3,4.3,0.9,0,0,0,0,0,0,0,0,0,0,0,0,0,0,0,0,0,0,142875,2.9,NA,1841494531,13,13,249.82,390,NA,13,13,249.82,390,NA,NA,NA,NA,NA,0,0,0,0,0,0,0,0,0,0,NA,NA,NA,NA,NA,NA,NA,NA,NA,NA,NA,NA,NA,NA,NA,NA,45255,3.91E+11,1841494531,13,13,249.82,390,NA,13,13,249.82,390,NA,NA,NA,NA,NA,0,0,0,0,0,0,0,0,0,0,NA,NA,NA,NA,NA,NA,NA,NA,NA,NA,NA,NA,NA,NA,NA,NA,45255,3.91E+11,1,1,1,1,1,1,0,0,1,1,1,1,1,0,1,0,0,1,0,0,0,1,1,1,1,1,1,1,0,1,1,0,1,0,0,0,0,0,0,0,0,0,0,0,0,0,0,0,0,1,1,1,1,1,NA,NA,NA,NA,NA,NA,NA,NA,NA,NA,NA,NA,1,NA
39061025200,3,3962,16.6,6.4,10.1,15.7,0,0.4,0.8,14.7,4.8,21357,20.6,17.5,12,0.1,0,0,0,0,0,0,1,0,0,1,0,0,0,0,0,0,341.971,0.175,37857,14.1,5,1491480121,3286.590909,4508.340909,337718.5955,125534.1818,285.3,2791.842105,4025.884211,208294.0437,112738.7368,261.8235294,726.2666667,336308.484,3314.5,97491.17667,35.44444444,1010.471667,467.0714286,28852.22143,11314.71429,89.46153846,12.19214286,31.68421053,1226.967895,5,69.4,67.94117647,156.3571429,138.7272727,58.7,185.1176471,145.9411765,366.9230769,51,0,0,0,0,278.8125,69.5,1.211765,45212,3.91E+11,32812562657,72305,99183.5,7429809.1,2761752,5706,53045,76491.8,3957586.83,2142036,4451,10894,5044627.26,59661,1754841.18,638,18188.49,6539,403931.1,158406,1163,170.69,602,23312.39,75,1388,1155,2189,1526,587,3147,2481,4770,306,0,0,0,0,4461,1112,24.2353,994664,8.60E+12,22,22,22,22,22,22,20,3,19,19,19,19,5,17,7,15,15,4,18,18,4,18,18,14,14,14,13,14,3,19,19,7,15,20,17,14,11,10,17,17,13,6,10,7,20,6,16,16,20,22,22,22,22,22,1,1,0,1,1,1,1,1,NA,NA,NA,NA,65,13
39061025300,2,2942,20.2,11.8,7.2,17.4,3.7,2.2,0.5,16.4,17,21789,28.1,16.2,19.6,0,0,0,0,0,0,0,0,0,0,1,0,0,0,0,0,0,74.39,0.063,32445,20.8,2,1453233801,4076.863636,4611.518182,279363.0391,125648.5909,192.952381,2904.9,3393.345,184554.969,92360.35,152.4736842,1108.5625,235689.4187,3329.190476,83828.08762,64.64705882,1743.209412,314.4210526,16028.64947,7600.315789,76.0625,8.644210526,53.70588235,7769.445882,9.571428571,71.66666667,56.63157895,66.63157895,49.70588235,41.64705882,142.75,58.25,148.1875,79.8,0,0,0,0,91.63157895,109.5263158,2.183971429,45212,3.91E+11,31971143630,89691,101453.4,6145986.86,2764269,4052,58098,67866.9,3691099.38,1847207,2897,17737,3771030.7,69913,1760389.84,1099,29634.56,5974,304544.34,144406,1217,164.24,913,132080.58,134,1505,1076,1266,845,708,2855,1165,2371,399,0,0,0,0,1741,2081,45.8634,994664,8.60E+12,22,22,22,22,22,22,21,2,20,20,20,20,3,19,6,16,16,1,21,21,5,17,17,19,19,19,16,19,5,17,17,8,14,21,19,19,17,17,20,20,16,5,10,8,20,3,19,19,21,22,22,22,22,22,NA,NA,NA,NA,NA,NA,NA,NA,NA,NA,NA,NA,NA,41
39061025800,1,4358,15.1,8.9,12.4,25,0.2,2.1,1.1,14.6,5.1,22417,9.7,15.5,7.8,0.3,0,0,0,0,0,0,0,0,0,1,0,0,0,0,0,0,83.24,0.045,46737,13.6,2,1306820493,381,397,10874.24,9657,58,381,397,10874.24,9657,58,NA,NA,NA,NA,0,0,15,171.77,138,NA,3.94,48,4923.85,11,88,0,NA,NA,42,NA,NA,NA,NA,0,0,0,0,14,44,1.7078,45217,3.91E+11,1306820493,381,397,10874.24,9657,58,381,397,10874.24,9657,58,NA,NA,NA,NA,0,0,15,171.77,138,NA,3.94,48,4923.85,11,88,0,NA,NA,42,NA,NA,NA,NA,0,0,0,0,14,44,1.7078,45217,3.91E+11,1,1,1,1,1,1,1,0,1,1,1,1,0,1,1,0,0,1,0,0,0,1,1,1,1,1,0,1,0,1,1,0,1,1,1,0,0,1,0,0,0,0,1,1,1,1,1,1,1,1,1,1,1,1,NA,NA,NA,NA,NA,NA,NA,NA,NA,NA,NA,NA,4,4
39061026300,164,1208,64.6,33.9,43.8,26.2,0,17.6,0,52.1,1.6,9422,38,15.5,24.8,19.4,4,1,0,3,8,0,1,0,0,1,58.746,0,0,0.172,0,0,185.773,0.545,14286,65.2,NA,1482741819,3239.5,3596.975,146402.0575,101871,117.75,2056,2332.6,78516.77,67291.66667,60.33333333,1534,231013.595,4742.5,57684.815,83,1629.62,182.6666667,3309.656667,4664.666667,46,14.90333333,9,320.1,0,58.75,91.66666667,58,NA,0,98.33333333,53.66666667,91.66666667,49,0,0,0,0,37,115,1.482875,45203.75,3.91E+11,5930967275,12958,14387.9,585608.23,407484,471,6168,6997.8,235550.31,201875,181,3068,462027.19,9485,115369.63,249,4888.86,548,9928.97,13994,138,44.71,36,1280.4,0,235,275,116,NA,0,295,161,275,49,0,0,0,0,111,345,5.9315,180815,1.56E+12,4,4,4,4,4,4,4,1,3,3,3,3,1,3,2,2,2,2,2,2,1,3,3,3,3,3,3,3,0,4,4,2,2,4,3,2,0,1,3,3,3,1,3,1,4,2,3,3,4,4,4,4,4,4,1,1,1,1,1,1,1,1,1,1,1,1,1,14
39061026400,22,2338,52.4,22.6,30.6,89.8,0.7,1,0.6,42.1,17.9,13106,22.3,16.6,19.3,1,3,2,1,1,7,0,0,0,0,0,0,0,0,0,0,0,60.131,0.053,12737,53.4,58,NA,NA,NA,NA,NA,NA,NA,NA,NA,NA,NA,NA,NA,NA,NA,NA,NA,NA,NA,NA,NA,NA,NA,NA,NA,NA,NA,NA,NA,NA,NA,NA,NA,NA,NA,NA,NA,NA,NA,NA,NA,NA,NA,NA,NA,NA,NA,NA,NA,NA,NA,NA,NA,NA,NA,NA,NA,NA,NA,NA,NA,NA,NA,NA,NA,NA,NA,NA,NA,NA,NA,NA,NA,NA,NA,NA,NA,NA,NA,NA,NA,NA,NA,NA,NA,NA,NA,NA,NA,NA,NA,NA,NA,NA,NA,NA,NA,NA,NA,NA,NA,NA,NA,NA,NA,NA,NA,NA,NA,NA,NA,NA,NA,NA,NA,NA,NA,NA,NA,NA,NA,NA,NA,NA,NA,NA,NA,NA,NA,NA,NA,NA,NA,NA,NA,NA,NA,NA,NA,NA,NA,NA,NA,NA,NA,NA,NA,NA,NA,NA,NA,NA,NA,3
39061026500,118,2279,29.4,11.6,4.7,41.2,0,0.8,0,33.2,89.8,69033,6,16.2,17.1,1.5,0,0,0,2,2,0,1,0,0,1,0,0,0,0,0,0,617.1,0.409,37500,32.5,1,1501390541,1256.380952,1709.695238,73969.56524,47351.2381,120.8947368,944.3888889,1394.033333,48545.73167,38888.77778,104.2857143,344,75428.29462,1329.25,33715.98063,18.64705882,425.1647059,140.1538462,6380.257692,3273.076923,33.91666667,8.923076923,4.578947368,813.9626316,0,67.26315789,43.42857143,79.33333333,72.4,30.6,85.8125,54.1875,107.7777778,62.28571429,0.857142857,0.928571429,0,0,90.76923077,67.07692308,1.151063158,45202,3.91E+11,31529201366,26384,35903.6,1553360.87,994376,2297,16999,25092.6,873823.17,699998,1460,4472,980567.83,21268,539455.69,317,7227.8,1822,82943.35,42550,407,116,87,15465.29,0,1278,608,714,362,153,1373,867,970,436,12,13,0,0,1180,872,21.8702,949242,8.21E+12,21,21,21,21,21,21,19,3,18,18,18,18,7,14,8,13,13,5,16,16,4,17,17,13,13,13,12,13,2,19,19,5,16,19,14,9,5,5,16,16,9,7,14,14,17,6,13,13,19,21,21,21,21,21,NA,NA,NA,NA,NA,NA,NA,NA,NA,NA,NA,NA,NA,8
39061026600,34,1465,25.1,9.5,4.3,11.4,0.3,0.6,0,8.7,20.5,56855,15.8,17.3,18.4,1,0,0,0,0,0,0,0,1,1,1,29.906,0,0,0.041,0,0,29.906,0.041,55865,17.6,1,1447525166,92.33333333,101.4,2592.87,1546.666667,82.5,95.5,96.6,2377.325,1107.5,95,25,2709.3,139,1927.62,0,0,10,48.93,26,9.5,6.1,0,0,0,70.5,22,53,27,15,58.5,24,68.5,NA,0,NA,0,0,61.5,21,1.34645,45226,3.91E+11,4342575497,277,304.2,7778.61,4640,165,191,193.2,4754.65,2215,95,25,2709.3,139,1927.62,0,0,20,97.86,52,19,12.2,0,0,0,141,22,53,27,15,117,48,137,NA,0,NA,0,0,123,42,2.6929,135678,1.17E+12,3,3,3,3,3,3,2,1,2,2,2,2,2,1,2,1,1,2,1,1,0,3,3,2,2,2,2,2,0,3,3,0,3,2,1,1,1,1,2,2,2,0,1,0,2,1,2,2,2,3,3,3,3,3,NA,NA,NA,NA,NA,NA,NA,NA,NA,NA,NA,NA,4,6
39061026700,41,1235,51.2,27.5,29.7,90.1,0,2.3,0.9,35.6,17.5,8681,29.5,17.2,14.7,0.2,3,2,1,1,7,0,0,0,0,0,0,0,0,0,0,0,36.06,0.052,16630,47,2,1510578839,32.25,32.75,381.0775,306.75,23,17.33333333,17.33333333,117.2833333,167,NA,0,0,37,241.6,0,0,11.5,67.655,49.5,11,27.915,0,0,0,62,NA,NA,NA,NA,13.5,12,NA,0,0,0,0,0,26,0,0.8896,45206,3.91E+11,6042315356,129,131,1524.31,1227,69,52,52,351.85,501,NA,0,0,37,241.6,0,0,23,135.31,99,11,55.83,0,0,0,186,NA,NA,NA,NA,27,24,NA,0,0,0,0,0,26,0,2.6688,180824,1.56E+12,4,4,4,4,4,4,3,1,3,3,3,3,4,0,2,2,2,3,1,1,1,3,3,2,2,2,1,2,0,4,4,0,4,3,0,0,0,0,2,2,0,1,3,3,3,2,1,1,3,4,4,4,4,4,4,4,4,4,4,4,4,4,NA,NA,NA,NA,7,10
39061026800,11,1555,5.8,1.8,2.5,6.2,0.6,0,0,3.3,12.7,82442,1,4.6,5.2,0.1,0,0,0,0,0,0,0,0,0,1,0,0,0,0,0,0,39.661,0.041,94464,5.4,NA,1437349925,78,82.3,3041.55,764,26,NA,NA,NA,NA,NA,NA,NA,NA,NA,0,0,18,102.14,129,15,23.08,0,0,0,72,NA,NA,NA,NA,NA,NA,26,0,0,0,0,0,NA,NA,0.8071,45202,3.91E+11,1437349925,78,82.3,3041.55,764,26,NA,NA,NA,NA,NA,NA,NA,NA,NA,0,0,18,102.14,129,15,23.08,0,0,0,72,NA,NA,NA,NA,NA,NA,26,0,0,0,0,0,NA,NA,0.8071,45202,3.91E+11,1,1,1,1,1,1,1,1,0,0,0,0,1,0,1,0,0,1,0,0,0,1,1,1,1,1,1,1,0,1,1,0,1,1,0,0,0,0,0,0,1,1,1,1,1,1,0,0,1,1,1,1,1,1,1,1,1,1,1,1,1,1,NA,NA,NA,NA,4,NA
39061026900,55,1749,55.6,43.5,13.4,82,0.7,3.2,0.6,52.3,29.7,12689,28.9,19.3,15,3.2,3,0,0,1,4,0,1,0,0,1,0,0,0,0,0,0,521.753,0.466,10218,58.3,17,NA,NA,NA,NA,NA,NA,NA,NA,NA,NA,NA,NA,NA,NA,NA,NA,NA,NA,NA,NA,NA,NA,NA,NA,NA,NA,NA,NA,NA,NA,NA,NA,NA,NA,NA,NA,NA,NA,NA,NA,NA,NA,NA,NA,NA,NA,NA,NA,NA,NA,NA,NA,NA,NA,NA,NA,NA,NA,NA,NA,NA,NA,NA,NA,NA,NA,NA,NA,NA,NA,NA,NA,NA,NA,NA,NA,NA,NA,NA,NA,NA,NA,NA,NA,NA,NA,NA,NA,NA,NA,NA,NA,NA,NA,NA,NA,NA,NA,NA,NA,NA,NA,NA,NA,NA,NA,NA,NA,NA,NA,NA,NA,NA,NA,NA,NA,NA,NA,NA,NA,NA,NA,NA,NA,NA,NA,NA,NA,NA,NA,NA,NA,NA,NA,NA,NA,NA,NA,NA,NA,NA,NA,NA,NA,NA,NA,NA,NA,NA,NA,NA,NA,NA,3
39061027000,84,3551,65.7,33.2,17.3,90.6,0.8,5,0,45.5,32.2,9998,25.4,18.9,23,7.5,3,0,1,2,6,0,1,0,0,1,0,0,0,0,0,0,201.776,0.127,12240,63.2,13,1521826421,3576.3,3899.257143,370395.7474,92341.22857,227.9322034,2839.412698,3124.065079,219928.664,72772.20635,199.3877551,1227.181818,418438.3261,3276.448276,84545.79086,36.01923077,1256.342692,197.9245283,5008.200566,2534.509434,33.54901961,4.869056604,72.52238806,5791.086418,8.666666667,68.03389831,71.59574468,117.195122,100.96,61,170.8125,105.125,240.6,113.3076923,0,0.428571429,0,0,170.3695652,115.8913043,1.346364407,45221.08571,3.91E+11,1.07E+11,250341,272948,25927702.32,6463886,13448,178883,196816.1,13855505.83,4584649,9770,53996,18411286.35,190034,4903655.87,1873,65329.82,10490,265434.63,134329,1711,258.06,4859,388002.79,546,4014,3365,4805,2524,1708,8199,5046,8421,2946,0,12,0,0,7837,5331,79.4355,3165476,2.74E+13,70,70,70,70,70,70,59,7,63,63,63,63,21,49,26,44,44,12,58,58,18,52,52,53,53,53,51,53,3,67,67,7,63,59,47,41,25,28,48,48,35,26,26,28,53,12,46,46,59,70,70,70,70,70,4,4,4,4,4,4,4,4,4,4,4,4,302,156
39061027100,38,4012,30.2,17.5,15,81.8,0.9,1.9,0,35.2,22.5,20436,20.4,21.4,14.5,8.7,1,1,0,2,4,0,1,0,0,1,2.229,0,0,0.001,0,0,216.693,0.106,19464,30.4,NA,1512480089,654.8695652,698.9652174,70089.59435,20072.91304,94.35714286,150.2777778,167.4,10083.38556,4701.555556,23.92307692,147.5714286,78415.74071,771.8125,27401.7925,1.714285714,31.06857143,5.933333333,62.88666667,52.86666667,3.733333333,2.270666667,25.22222222,4877.084444,4.866666667,55.5,95.25,19.66666667,18,5.6,73.3,49.2,87,33.66666667,0,0,0,0,26.77777778,102,1.336578571,45237,3.91E+11,34787042044,15062,16076.2,1612060.67,461677,1321,2705,3013.2,181500.94,84628,311,2066,1097820.37,12349,438428.68,36,652.44,89,943.3,793,56,34.06,454,87787.52,73,777,762,59,54,28,733,492,609,202,0,0,0,0,241,918,18.7121,1040451,8.99E+12,23,23,23,23,23,23,14,5,18,18,18,18,10,13,9,14,14,7,16,16,2,21,21,15,15,15,15,15,5,18,18,8,15,14,8,3,3,5,10,10,7,6,11,11,13,5,9,9,14,23,23,23,23,23,1,1,1,1,1,1,1,1,1,1,1,1,54,11
39061027200,77,2302,43.8,22.4,20.7,64.8,0,3.1,0,39.6,23.2,12226,29.8,19.9,23,6.8,4,2,0,2,8,0,1,1,1,1,301.34,0,0,0.322,0,0,333.437,0.356,19018,41.5,4,NA,NA,NA,NA,NA,NA,NA,NA,NA,NA,NA,NA,NA,NA,NA,NA,NA,NA,NA,NA,NA,NA,NA,NA,NA,NA,NA,NA,NA,NA,NA,NA,NA,NA,NA,NA,NA,NA,NA,NA,NA,NA,NA,NA,NA,NA,NA,NA,NA,NA,NA,NA,NA,NA,NA,NA,NA,NA,NA,NA,NA,NA,NA,NA,NA,NA,NA,NA,NA,NA,NA,NA,NA,NA,NA,NA,NA,NA,NA,NA,NA,NA,NA,NA,NA,NA,NA,NA,NA,NA,NA,NA,NA,NA,NA,NA,NA,NA,NA,NA,NA,NA,NA,NA,NA,NA,NA,NA,NA,NA,NA,NA,NA,NA,NA,NA,NA,NA,NA,NA,NA,NA,NA,NA,NA,NA,NA,NA,NA,NA,NA,NA,NA,NA,NA,NA,NA,NA,NA,NA,NA,NA,NA,NA,NA,NA,NA,NA,NA,NA,NA,NA,NA,1
39061027400,2,4429,28,13.8,12.1,47.5,7.9,6,2.1,14.7,16.7,17578,23.4,12,24.4,0.1,0,0,0,0,0,0,1,0,0,1,7.568,0,0,0.004,0,0,300.897,0.168,33542,30.4,12,NA,NA,NA,NA,NA,NA,NA,NA,NA,NA,NA,NA,NA,NA,NA,NA,NA,NA,NA,NA,NA,NA,NA,NA,NA,NA,NA,NA,NA,NA,NA,NA,NA,NA,NA,NA,NA,NA,NA,NA,NA,NA,NA,NA,NA,NA,NA,NA,NA,NA,NA,NA,NA,NA,NA,NA,NA,NA,NA,NA,NA,NA,NA,NA,NA,NA,NA,NA,NA,NA,NA,NA,NA,NA,NA,NA,NA,NA,NA,NA,NA,NA,NA,NA,NA,NA,NA,NA,NA,NA,NA,NA,NA,NA,NA,NA,NA,NA,NA,NA,NA,NA,NA,NA,NA,NA,NA,NA,NA,NA,NA,NA,NA,NA,NA,NA,NA,NA,NA,NA,NA,NA,NA,NA,NA,NA,NA,NA,NA,NA,NA,NA,NA,NA,NA,NA,NA,NA,NA,NA,NA,NA,NA,NA,NA,NA,NA,NA,NA,NA,NA,NA,NA,NA